Commune;Departement;Code INSEE;D102.0;Année;D204.0;prix_total
Abbéville-la-Rivière;91;91001;;2012;;
Abbéville-la-Rivière;91;91001;;2013;;
Abbéville-la-Rivière;91;91001;;2014;;
Abbéville-la-Rivière;91;91001;;2015;;
Abbéville-la-Rivière;91;91001;;2016;;
Abbéville-la-Rivière;91;91001;;2017;;
Abbéville-la-Rivière;91;91001;;2018;;
Abbéville-la-Rivière;91;91001;;2019;;
Abbéville-la-Rivière;91;91001;2.47;2020;3.59;6.06
Abbéville-la-Rivière;91;91001;;2021;;
Abbéville-la-Rivière;91;91001;3.91;2022;;
Abbéville-la-Rivière;91;91001;3.85;2023;;
Angerville;91;91016;;2012;;
Angerville;91;91016;;2013;;
Angerville;91;91016;;2014;;
Angerville;91;91016;;2015;;
Angerville;91;91016;;2016;;
Angerville;91;91016;;2017;;
Angerville;91;91016;;2018;;
Angerville;91;91016;;2019;;
Angerville;91;91016;2.47;2020;3.59;6.06
Angerville;91;91016;;2021;;
Angerville;91;91016;3.91;2022;;
Angerville;91;91016;3.85;2023;;
Angervilliers;91;91017;;2012;;
Angervilliers;91;91017;;2013;;
Angervilliers;91;91017;;2014;;
Angervilliers;91;91017;;2015;;
Angervilliers;91;91017;;2016;;
Angervilliers;91;91017;;2017;;
Angervilliers;91;91017;;2018;;
Angervilliers;91;91017;3.16;2019;;
Angervilliers;91;91017;3.12;2020;;
Angervilliers;91;91017;3.21;2021;;
Angervilliers;91;91017;3.71;2022;;
Angervilliers;91;91017;3.52;2023;;
Arpajon;91;91021;;2012;;
Arpajon;91;91021;;2013;;
Arpajon;91;91021;;2014;;
Arpajon;91;91021;;2015;;
Arpajon;91;91021;2.52;2016;;
Arpajon;91;91021;4.09;2017;;
Arpajon;91;91021;4.02;2018;;
Arpajon;91;91021;4.39;2019;1.42;5.81
Arpajon;91;91021;4.1;2020;;
Arpajon;91;91021;2.03;2021;;
Arpajon;91;91021;2.22;2022;0.62;2.84
Arpajon;91;91021;2.19;2023;;
Arrancourt;91;91022;;2012;;
Arrancourt;91;91022;;2013;;
Arrancourt;91;91022;;2014;;
Arrancourt;91;91022;;2015;;
Arrancourt;91;91022;;2016;;
Arrancourt;91;91022;;2017;;
Arrancourt;91;91022;;2018;;
Arrancourt;91;91022;;2019;;
Arrancourt;91;91022;2.47;2020;3.59;6.06
Arrancourt;91;91022;;2021;;
Arrancourt;91;91022;3.91;2022;;
Arrancourt;91;91022;3.85;2023;;
Athis-Mons;91;91027;2.05;2012;;
Athis-Mons;91;91027;2.04;2013;;
Athis-Mons;91;91027;2.05;2014;;
Athis-Mons;91;91027;2.06;2015;;
Athis-Mons;91;91027;1.97;2016;2.18;4.15
Athis-Mons;91;91027;1.97;2017;1.74;3.71
Athis-Mons;91;91027;2.19;2018;2.26;4.45
Athis-Mons;91;91027;2.48;2019;2.28;4.76
Athis-Mons;91;91027;2.46;2020;2.33;4.79
Athis-Mons;91;91027;2.68;2021;1.98;4.66
Athis-Mons;91;91027;3.02;2022;2.9;5.92
Athis-Mons;91;91027;3.22;2023;;
Authon-la-Plaine;91;91035;1.52;2012;;
Authon-la-Plaine;91;91035;1.53;2013;;
Authon-la-Plaine;91;91035;1.51;2014;;
Authon-la-Plaine;91;91035;1.57;2015;;
Authon-la-Plaine;91;91035;1.58;2016;;
Authon-la-Plaine;91;91035;1.65;2017;;
Authon-la-Plaine;91;91035;1.72;2018;;
Authon-la-Plaine;91;91035;1.78;2019;;
Authon-la-Plaine;91;91035;1.8;2020;;
Authon-la-Plaine;91;91035;2.02;2021;;
Authon-la-Plaine;91;91035;2.18;2022;;
Authon-la-Plaine;91;91035;2.19;2023;;
Auvernaux;91;91037;;2012;;
Auvernaux;91;91037;;2013;;
Auvernaux;91;91037;;2014;;
Auvernaux;91;91037;;2015;;
Auvernaux;91;91037;;2016;;
Auvernaux;91;91037;3.35;2017;3.54;6.89
Auvernaux;91;91037;2.98;2018;3.3;6.28
Auvernaux;91;91037;3.03;2019;3.93;6.96
Auvernaux;91;91037;3.07;2020;3.22;6.29
Auvernaux;91;91037;3.15;2021;5.84;8.99
Auvernaux;91;91037;3.32;2022;5.42;8.74
Auvernaux;91;91037;3.31;2023;;
Auvers-Saint-Georges;91;91038;;2012;;
Auvers-Saint-Georges;91;91038;;2013;;
Auvers-Saint-Georges;91;91038;;2014;;
Auvers-Saint-Georges;91;91038;;2015;;
Auvers-Saint-Georges;91;91038;;2016;;
Auvers-Saint-Georges;91;91038;3.35;2017;3.54;6.89
Auvers-Saint-Georges;91;91038;2.98;2018;3.3;6.28
Auvers-Saint-Georges;91;91038;3.03;2019;3.93;6.96
Auvers-Saint-Georges;91;91038;3.07;2020;3.22;6.29
Auvers-Saint-Georges;91;91038;3.15;2021;5.84;8.99
Auvers-Saint-Georges;91;91038;3.32;2022;5.42;8.74
Auvers-Saint-Georges;91;91038;3.31;2023;;
Avrainville;91;91041;;2012;;
Avrainville;91;91041;;2013;;
Avrainville;91;91041;;2014;;
Avrainville;91;91041;;2015;;
Avrainville;91;91041;2.52;2016;;
Avrainville;91;91041;4.09;2017;;
Avrainville;91;91041;4.02;2018;;
Avrainville;91;91041;4.39;2019;1.42;5.81
Avrainville;91;91041;4.1;2020;;
Avrainville;91;91041;2.03;2021;;
Avrainville;91;91041;2.22;2022;0.62;2.84
Avrainville;91;91041;2.19;2023;;
Ballainvilliers;91;91044;;2012;;
Ballainvilliers;91;91044;;2013;;
Ballainvilliers;91;91044;;2014;;
Ballainvilliers;91;91044;;2015;;
Ballainvilliers;91;91044;2.78;2016;;
Ballainvilliers;91;91044;;2017;;
Ballainvilliers;91;91044;;2018;;
Ballainvilliers;91;91044;;2019;;
Ballainvilliers;91;91044;2.9;2020;;
Ballainvilliers;91;91044;2.98;2021;2.46;5.44
Ballainvilliers;91;91044;3.15;2022;;
Ballainvilliers;91;91044;3.32;2023;;
Ballancourt-sur-Essonne;91;91045;;2012;;
Ballancourt-sur-Essonne;91;91045;;2013;;
Ballancourt-sur-Essonne;91;91045;;2014;;
Ballancourt-sur-Essonne;91;91045;;2015;;
Ballancourt-sur-Essonne;91;91045;;2016;;
Ballancourt-sur-Essonne;91;91045;3.35;2017;3.54;6.89
Ballancourt-sur-Essonne;91;91045;2.98;2018;3.3;6.28
Ballancourt-sur-Essonne;91;91045;3.03;2019;3.93;6.96
Ballancourt-sur-Essonne;91;91045;3.07;2020;3.22;6.29
Ballancourt-sur-Essonne;91;91045;3.15;2021;5.84;8.99
Ballancourt-sur-Essonne;91;91045;3.32;2022;5.42;8.74
Ballancourt-sur-Essonne;91;91045;3.31;2023;;
Baulne;91;91047;;2012;;
Baulne;91;91047;;2013;;
Baulne;91;91047;;2014;;
Baulne;91;91047;;2015;;
Baulne;91;91047;;2016;;
Baulne;91;91047;3.35;2017;3.54;6.89
Baulne;91;91047;2.98;2018;3.3;6.28
Baulne;91;91047;3.03;2019;3.93;6.96
Baulne;91;91047;3.07;2020;3.22;6.29
Baulne;91;91047;3.15;2021;5.84;8.99
Baulne;91;91047;3.32;2022;5.42;8.74
Baulne;91;91047;3.31;2023;;
Bièvres;91;91064;2.05;2012;;
Bièvres;91;91064;2.04;2013;;
Bièvres;91;91064;2.05;2014;;
Bièvres;91;91064;2.06;2015;;
Bièvres;91;91064;1.97;2016;;
Bièvres;91;91064;1.97;2017;;
Bièvres;91;91064;1.97;2018;;
Bièvres;91;91064;1.86;2019;;
Bièvres;91;91064;2.09;2020;;
Bièvres;91;91064;2.13;2021;;
Bièvres;91;91064;2.25;2022;;
Bièvres;91;91064;2.32;2023;;
Blandy;91;91067;;2012;;
Blandy;91;91067;;2013;;
Blandy;91;91067;;2014;;
Blandy;91;91067;;2015;;
Blandy;91;91067;;2016;;
Blandy;91;91067;4.41;2017;3.7;8.11
Blandy;91;91067;4.25;2018;5.15;9.4
Blandy;91;91067;4.32;2019;5.15;9.47
Blandy;91;91067;4.36;2020;5.15;9.51
Blandy;91;91067;4.9;2021;4.57;9.47
Blandy;91;91067;5.13;2022;4.14;9.27
Blandy;91;91067;5.56;2023;;
Boigneville;91;91069;;2012;;
Boigneville;91;91069;;2013;;
Boigneville;91;91069;;2014;;
Boigneville;91;91069;;2015;;
Boigneville;91;91069;1.74;2016;2.85;4.59
Boigneville;91;91069;;2017;;
Boigneville;91;91069;2.2;2018;;
Boigneville;91;91069;2.73;2019;2.41;5.14
Boigneville;91;91069;2.52;2020;2.41;4.93
Boigneville;91;91069;2.55;2021;2.48;5.03
Boigneville;91;91069;2.71;2022;2.59;5.3
Boigneville;91;91069;2.89;2023;;
Bois-Herpin;91;91075;;2012;;
Bois-Herpin;91;91075;;2013;;
Bois-Herpin;91;91075;;2014;;
Bois-Herpin;91;91075;;2015;;
Bois-Herpin;91;91075;;2016;;
Bois-Herpin;91;91075;;2017;;
Bois-Herpin;91;91075;;2018;;
Bois-Herpin;91;91075;;2019;;
Bois-Herpin;91;91075;2.47;2020;3.59;6.06
Bois-Herpin;91;91075;;2021;;
Bois-Herpin;91;91075;3.91;2022;;
Bois-Herpin;91;91075;3.85;2023;;
Boissy-la-Rivière;91;91079;;2012;;
Boissy-la-Rivière;91;91079;;2013;;
Boissy-la-Rivière;91;91079;;2014;;
Boissy-la-Rivière;91;91079;;2015;;
Boissy-la-Rivière;91;91079;;2016;;
Boissy-la-Rivière;91;91079;;2017;;
Boissy-la-Rivière;91;91079;;2018;;
Boissy-la-Rivière;91;91079;;2019;;
Boissy-la-Rivière;91;91079;2.47;2020;3.59;6.06
Boissy-la-Rivière;91;91079;;2021;;
Boissy-la-Rivière;91;91079;3.91;2022;;
Boissy-la-Rivière;91;91079;3.85;2023;;
Boissy-le-Cutté;91;91080;;2012;;
Boissy-le-Cutté;91;91080;;2013;;
Boissy-le-Cutté;91;91080;;2014;;
Boissy-le-Cutté;91;91080;;2015;;
Boissy-le-Cutté;91;91080;;2016;;
Boissy-le-Cutté;91;91080;;2017;;
Boissy-le-Cutté;91;91080;;2018;;
Boissy-le-Cutté;91;91080;2.72;2019;;
Boissy-le-Cutté;91;91080;2.85;2020;;
Boissy-le-Cutté;91;91080;2.85;2021;;
Boissy-le-Cutté;91;91080;5.33;2022;5.81;11.14
Boissy-le-Cutté;91;91080;5.16;2023;;
Boissy-le-Sec;91;91081;;2012;;
Boissy-le-Sec;91;91081;;2013;;
Boissy-le-Sec;91;91081;;2014;;
Boissy-le-Sec;91;91081;;2015;;
Boissy-le-Sec;91;91081;;2016;;
Boissy-le-Sec;91;91081;;2017;;
Boissy-le-Sec;91;91081;;2018;;
Boissy-le-Sec;91;91081;3.16;2019;;
Boissy-le-Sec;91;91081;3.12;2020;;
Boissy-le-Sec;91;91081;3.21;2021;;
Boissy-le-Sec;91;91081;3.71;2022;;
Boissy-le-Sec;91;91081;3.52;2023;;
Boissy-sous-Saint-Yon;91;91085;;2012;;
Boissy-sous-Saint-Yon;91;91085;;2013;;
Boissy-sous-Saint-Yon;91;91085;;2014;;
Boissy-sous-Saint-Yon;91;91085;;2015;;
Boissy-sous-Saint-Yon;91;91085;;2016;;
Boissy-sous-Saint-Yon;91;91085;3.35;2017;3.54;6.89
Boissy-sous-Saint-Yon;91;91085;2.98;2018;3.3;6.28
Boissy-sous-Saint-Yon;91;91085;3.03;2019;3.93;6.96
Boissy-sous-Saint-Yon;91;91085;3.07;2020;3.22;6.29
Boissy-sous-Saint-Yon;91;91085;3.15;2021;5.84;8.99
Boissy-sous-Saint-Yon;91;91085;3.32;2022;5.42;8.74
Boissy-sous-Saint-Yon;91;91085;3.31;2023;;
Bondoufle;91;91086;;2012;;
Bondoufle;91;91086;;2013;;
Bondoufle;91;91086;;2014;;
Bondoufle;91;91086;;2015;;
Bondoufle;91;91086;2.35;2016;1.95;4.3
Bondoufle;91;91086;2.85;2017;2.4;5.25
Bondoufle;91;91086;2.82;2018;1.98;4.8
Bondoufle;91;91086;2.63;2019;2.01;4.64
Bondoufle;91;91086;2.63;2020;2.01;4.64
Bondoufle;91;91086;2.71;2021;2.04;4.75
Bondoufle;91;91086;2.9;2022;1.99;4.89
Bondoufle;91;91086;3.06;2023;;
Bouray-sur-Juine;91;91095;;2012;;
Bouray-sur-Juine;91;91095;;2013;;
Bouray-sur-Juine;91;91095;;2014;;
Bouray-sur-Juine;91;91095;;2015;;
Bouray-sur-Juine;91;91095;;2016;;
Bouray-sur-Juine;91;91095;3.35;2017;3.54;6.89
Bouray-sur-Juine;91;91095;2.98;2018;3.3;6.28
Bouray-sur-Juine;91;91095;3.03;2019;3.93;6.96
Bouray-sur-Juine;91;91095;3.07;2020;3.22;6.29
Bouray-sur-Juine;91;91095;3.15;2021;5.84;8.99
Bouray-sur-Juine;91;91095;3.32;2022;5.42;8.74
Bouray-sur-Juine;91;91095;3.31;2023;;
Boussy-Saint-Antoine;91;91097;;2012;;
Boussy-Saint-Antoine;91;91097;;2013;;
Boussy-Saint-Antoine;91;91097;;2014;;
Boussy-Saint-Antoine;91;91097;;2015;;
Boussy-Saint-Antoine;91;91097;2.63;2016;;
Boussy-Saint-Antoine;91;91097;;2017;;
Boussy-Saint-Antoine;91;91097;;2018;;
Boussy-Saint-Antoine;91;91097;;2019;;
Boussy-Saint-Antoine;91;91097;;2020;;
Boussy-Saint-Antoine;91;91097;2.3;2021;;
Boussy-Saint-Antoine;91;91097;2.95;2022;;
Boussy-Saint-Antoine;91;91097;3.05;2023;;
Boutervilliers;91;91098;1.52;2012;;
Boutervilliers;91;91098;1.53;2013;;
Boutervilliers;91;91098;1.51;2014;;
Boutervilliers;91;91098;1.57;2015;;
Boutervilliers;91;91098;1.58;2016;;
Boutervilliers;91;91098;1.65;2017;;
Boutervilliers;91;91098;1.72;2018;;
Boutervilliers;91;91098;1.78;2019;;
Boutervilliers;91;91098;1.8;2020;;
Boutervilliers;91;91098;2.02;2021;;
Boutervilliers;91;91098;2.18;2022;;
Boutervilliers;91;91098;2.19;2023;;
Boutigny-sur-Essonne;91;91099;;2012;;
Boutigny-sur-Essonne;91;91099;;2013;;
Boutigny-sur-Essonne;91;91099;;2014;;
Boutigny-sur-Essonne;91;91099;;2015;;
Boutigny-sur-Essonne;91;91099;;2016;;
Boutigny-sur-Essonne;91;91099;3.35;2017;3.54;6.89
Boutigny-sur-Essonne;91;91099;2.98;2018;3.3;6.28
Boutigny-sur-Essonne;91;91099;3.03;2019;3.93;6.96
Boutigny-sur-Essonne;91;91099;3.07;2020;3.22;6.29
Boutigny-sur-Essonne;91;91099;3.15;2021;5.84;8.99
Boutigny-sur-Essonne;91;91099;3.32;2022;5.42;8.74
Boutigny-sur-Essonne;91;91099;3.31;2023;;
Bouville;91;91100;;2012;;
Bouville;91;91100;;2013;;
Bouville;91;91100;;2014;;
Bouville;91;91100;;2015;;
Bouville;91;91100;;2016;;
Bouville;91;91100;;2017;;
Bouville;91;91100;;2018;;
Bouville;91;91100;;2019;;
Bouville;91;91100;2.47;2020;3.59;6.06
Bouville;91;91100;;2021;;
Bouville;91;91100;3.91;2022;;
Bouville;91;91100;3.85;2023;;
Brétigny-sur-Orge;91;91103;;2012;;
Brétigny-sur-Orge;91;91103;;2013;;
Brétigny-sur-Orge;91;91103;;2014;;
Brétigny-sur-Orge;91;91103;;2015;;
Brétigny-sur-Orge;91;91103;2.52;2016;;
Brétigny-sur-Orge;91;91103;4.09;2017;;
Brétigny-sur-Orge;91;91103;4.02;2018;;
Brétigny-sur-Orge;91;91103;4.39;2019;1.42;5.81
Brétigny-sur-Orge;91;91103;4.1;2020;;
Brétigny-sur-Orge;91;91103;2.03;2021;;
Brétigny-sur-Orge;91;91103;2.22;2022;0.62;2.84
Brétigny-sur-Orge;91;91103;2.19;2023;;
Breuillet;91;91105;;2012;;
Breuillet;91;91105;;2013;;
Breuillet;91;91105;;2014;;
Breuillet;91;91105;;2015;;
Breuillet;91;91105;2.52;2016;;
Breuillet;91;91105;4.09;2017;;
Breuillet;91;91105;4.02;2018;;
Breuillet;91;91105;4.39;2019;1.42;5.81
Breuillet;91;91105;4.1;2020;;
Breuillet;91;91105;2.03;2021;;
Breuillet;91;91105;2.22;2022;0.62;2.84
Breuillet;91;91105;2.19;2023;;
Breux-Jouy;91;91106;;2012;;
Breux-Jouy;91;91106;;2013;;
Breux-Jouy;91;91106;;2014;;
Breux-Jouy;91;91106;;2015;;
Breux-Jouy;91;91106;;2016;;
Breux-Jouy;91;91106;3.35;2017;3.54;6.89
Breux-Jouy;91;91106;2.98;2018;3.3;6.28
Breux-Jouy;91;91106;3.03;2019;3.93;6.96
Breux-Jouy;91;91106;3.07;2020;3.22;6.29
Breux-Jouy;91;91106;3.15;2021;5.84;8.99
Breux-Jouy;91;91106;3.32;2022;5.42;8.74
Breux-Jouy;91;91106;3.31;2023;;
Brières-les-Scellés;91;91109;;2012;;
Brières-les-Scellés;91;91109;;2013;;
Brières-les-Scellés;91;91109;;2014;;
Brières-les-Scellés;91;91109;;2015;;
Brières-les-Scellés;91;91109;;2016;;
Brières-les-Scellés;91;91109;;2017;;
Brières-les-Scellés;91;91109;;2018;;
Brières-les-Scellés;91;91109;;2019;;
Brières-les-Scellés;91;91109;2.47;2020;3.59;6.06
Brières-les-Scellés;91;91109;;2021;;
Brières-les-Scellés;91;91109;3.91;2022;;
Brières-les-Scellés;91;91109;3.85;2023;;
Briis-sous-Forges;91;91111;;2012;;
Briis-sous-Forges;91;91111;;2013;;
Briis-sous-Forges;91;91111;3.27;2014;2.47;5.74
Briis-sous-Forges;91;91111;3.31;2015;2.66;5.97
Briis-sous-Forges;91;91111;2.92;2016;2.66;5.58
Briis-sous-Forges;91;91111;;2017;;
Briis-sous-Forges;91;91111;2.8;2018;3.09;5.89
Briis-sous-Forges;91;91111;3.16;2019;;
Briis-sous-Forges;91;91111;3.12;2020;1.5;4.62
Briis-sous-Forges;91;91111;3.21;2021;;
Briis-sous-Forges;91;91111;3.71;2022;;
Briis-sous-Forges;91;91111;3.52;2023;;
Brouy;91;91112;;2012;;
Brouy;91;91112;;2013;;
Brouy;91;91112;;2014;;
Brouy;91;91112;;2015;;
Brouy;91;91112;;2016;;
Brouy;91;91112;;2017;;
Brouy;91;91112;;2018;;
Brouy;91;91112;;2019;;
Brouy;91;91112;2.47;2020;3.59;6.06
Brouy;91;91112;;2021;;
Brouy;91;91112;3.91;2022;;
Brouy;91;91112;3.85;2023;;
Brunoy;91;91114;;2012;;
Brunoy;91;91114;;2013;;
Brunoy;91;91114;;2014;;
Brunoy;91;91114;;2015;;
Brunoy;91;91114;2.63;2016;;
Brunoy;91;91114;;2017;;
Brunoy;91;91114;;2018;;
Brunoy;91;91114;;2019;;
Brunoy;91;91114;;2020;;
Brunoy;91;91114;2.3;2021;;
Brunoy;91;91114;2.95;2022;;
Brunoy;91;91114;3.05;2023;;
Bruyères-le-Châtel;91;91115;;2012;;
Bruyères-le-Châtel;91;91115;;2013;;
Bruyères-le-Châtel;91;91115;;2014;;
Bruyères-le-Châtel;91;91115;;2015;;
Bruyères-le-Châtel;91;91115;2.52;2016;;
Bruyères-le-Châtel;91;91115;4.09;2017;;
Bruyères-le-Châtel;91;91115;4.02;2018;;
Bruyères-le-Châtel;91;91115;4.39;2019;1.42;5.81
Bruyères-le-Châtel;91;91115;4.1;2020;;
Bruyères-le-Châtel;91;91115;3.21;2021;;
Bruyères-le-Châtel;91;91115;3.71;2022;0.62;4.33
Bruyères-le-Châtel;91;91115;3.52;2023;;
Buno-Bonnevaux;91;91121;;2012;;
Buno-Bonnevaux;91;91121;;2013;;
Buno-Bonnevaux;91;91121;;2014;;
Buno-Bonnevaux;91;91121;;2015;;
Buno-Bonnevaux;91;91121;;2016;;
Buno-Bonnevaux;91;91121;3.35;2017;3.54;6.89
Buno-Bonnevaux;91;91121;2.98;2018;3.3;6.28
Buno-Bonnevaux;91;91121;3.03;2019;3.93;6.96
Buno-Bonnevaux;91;91121;3.07;2020;3.22;6.29
Buno-Bonnevaux;91;91121;3.15;2021;5.84;8.99
Buno-Bonnevaux;91;91121;3.32;2022;5.42;8.74
Buno-Bonnevaux;91;91121;3.31;2023;;
Bures-sur-Yvette;91;91122;;2012;;
Bures-sur-Yvette;91;91122;;2013;;
Bures-sur-Yvette;91;91122;;2014;;
Bures-sur-Yvette;91;91122;;2015;;
Bures-sur-Yvette;91;91122;2.78;2016;;
Bures-sur-Yvette;91;91122;;2017;;
Bures-sur-Yvette;91;91122;;2018;;
Bures-sur-Yvette;91;91122;;2019;;
Bures-sur-Yvette;91;91122;2.9;2020;;
Bures-sur-Yvette;91;91122;2.98;2021;2.46;5.44
Bures-sur-Yvette;91;91122;3.15;2022;;
Bures-sur-Yvette;91;91122;3.32;2023;;
Cerny;91;91129;;2012;;
Cerny;91;91129;;2013;;
Cerny;91;91129;;2014;;
Cerny;91;91129;;2015;;
Cerny;91;91129;;2016;;
Cerny;91;91129;3.35;2017;3.54;6.89
Cerny;91;91129;2.98;2018;3.3;6.28
Cerny;91;91129;3.03;2019;3.93;6.96
Cerny;91;91129;3.07;2020;3.22;6.29
Cerny;91;91129;3.15;2021;5.84;8.99
Cerny;91;91129;3.32;2022;5.42;8.74
Cerny;91;91129;3.31;2023;;
Chalo-Saint-Mars;91;91130;;2012;;
Chalo-Saint-Mars;91;91130;;2013;;
Chalo-Saint-Mars;91;91130;;2014;;
Chalo-Saint-Mars;91;91130;;2015;;
Chalo-Saint-Mars;91;91130;;2016;;
Chalo-Saint-Mars;91;91130;;2017;;
Chalo-Saint-Mars;91;91130;;2018;;
Chalo-Saint-Mars;91;91130;;2019;;
Chalo-Saint-Mars;91;91130;2.47;2020;3.59;6.06
Chalo-Saint-Mars;91;91130;;2021;;
Chalo-Saint-Mars;91;91130;3.91;2022;;
Chalo-Saint-Mars;91;91130;3.85;2023;;
Chalou-Moulineux;91;91131;;2012;;
Chalou-Moulineux;91;91131;;2013;;
Chalou-Moulineux;91;91131;;2014;;
Chalou-Moulineux;91;91131;;2015;;
Chalou-Moulineux;91;91131;;2016;;
Chalou-Moulineux;91;91131;;2017;;
Chalou-Moulineux;91;91131;;2018;;
Chalou-Moulineux;91;91131;;2019;;
Chalou-Moulineux;91;91131;2.47;2020;3.59;6.06
Chalou-Moulineux;91;91131;;2021;;
Chalou-Moulineux;91;91131;3.91;2022;;
Chalou-Moulineux;91;91131;3.85;2023;;
Chamarande;91;91132;;2012;;
Chamarande;91;91132;;2013;;
Chamarande;91;91132;;2014;;
Chamarande;91;91132;;2015;;
Chamarande;91;91132;;2016;;
Chamarande;91;91132;3.35;2017;3.54;6.89
Chamarande;91;91132;2.98;2018;3.3;6.28
Chamarande;91;91132;3.03;2019;3.93;6.96
Chamarande;91;91132;3.07;2020;3.22;6.29
Chamarande;91;91132;3.15;2021;5.84;8.99
Chamarande;91;91132;3.32;2022;5.42;8.74
Chamarande;91;91132;3.31;2023;;
Champcueil;91;91135;;2012;;
Champcueil;91;91135;;2013;;
Champcueil;91;91135;;2014;;
Champcueil;91;91135;;2015;;
Champcueil;91;91135;;2016;;
Champcueil;91;91135;3.35;2017;3.54;6.89
Champcueil;91;91135;2.98;2018;3.3;6.28
Champcueil;91;91135;3.03;2019;3.93;6.96
Champcueil;91;91135;3.07;2020;3.22;6.29
Champcueil;91;91135;3.15;2021;5.84;8.99
Champcueil;91;91135;3.32;2022;5.42;8.74
Champcueil;91;91135;3.31;2023;;
Champlan;91;91136;;2012;;
Champlan;91;91136;;2013;;
Champlan;91;91136;;2014;;
Champlan;91;91136;;2015;;
Champlan;91;91136;2.78;2016;;
Champlan;91;91136;;2017;;
Champlan;91;91136;;2018;;
Champlan;91;91136;;2019;;
Champlan;91;91136;2.9;2020;;
Champlan;91;91136;2.98;2021;2.46;5.44
Champlan;91;91136;3.15;2022;;
Champlan;91;91136;3.32;2023;;
Champmotteux;91;91137;;2012;;
Champmotteux;91;91137;;2013;;
Champmotteux;91;91137;;2014;;
Champmotteux;91;91137;;2015;;
Champmotteux;91;91137;;2016;;
Champmotteux;91;91137;;2017;;
Champmotteux;91;91137;;2018;;
Champmotteux;91;91137;;2019;;
Champmotteux;91;91137;2.47;2020;3.59;6.06
Champmotteux;91;91137;;2021;;
Champmotteux;91;91137;3.91;2022;;
Champmotteux;91;91137;3.85;2023;;
Chatignonville;91;91145;2.37;2012;;
Chatignonville;91;91145;2.42;2013;;
Chatignonville;91;91145;2.46;2014;;
Chatignonville;91;91145;2.54;2015;;
Chatignonville;91;91145;2.58;2016;2.05;4.63
Chatignonville;91;91145;2.6;2017;1.99;4.59
Chatignonville;91;91145;2.59;2018;2.08;4.67
Chatignonville;91;91145;2.61;2019;2.1;4.71
Chatignonville;91;91145;2.64;2020;2.17;4.81
Chatignonville;91;91145;2.67;2021;2.54;5.21
Chatignonville;91;91145;2.7;2022;2.8;5.5
Chatignonville;91;91145;2.72;2023;;
Chauffour-lès-Étréchy;91;91148;;2012;;
Chauffour-lès-Étréchy;91;91148;;2013;;
Chauffour-lès-Étréchy;91;91148;;2014;;
Chauffour-lès-Étréchy;91;91148;;2015;;
Chauffour-lès-Étréchy;91;91148;;2016;;
Chauffour-lès-Étréchy;91;91148;;2017;;
Chauffour-lès-Étréchy;91;91148;;2018;;
Chauffour-lès-Étréchy;91;91148;2.72;2019;;
Chauffour-lès-Étréchy;91;91148;2.85;2020;;
Chauffour-lès-Étréchy;91;91148;2.85;2021;;
Chauffour-lès-Étréchy;91;91148;5.33;2022;5.81;11.14
Chauffour-lès-Étréchy;91;91148;5.16;2023;;
Cheptainville;91;91156;;2012;;
Cheptainville;91;91156;;2013;;
Cheptainville;91;91156;;2014;;
Cheptainville;91;91156;;2015;;
Cheptainville;91;91156;2.52;2016;;
Cheptainville;91;91156;4.09;2017;;
Cheptainville;91;91156;4.02;2018;;
Cheptainville;91;91156;4.39;2019;1.42;5.81
Cheptainville;91;91156;4.1;2020;;
Cheptainville;91;91156;2.03;2021;;
Cheptainville;91;91156;2.22;2022;0.62;2.84
Cheptainville;91;91156;2.19;2023;;
Chevannes;91;91159;;2012;;
Chevannes;91;91159;;2013;;
Chevannes;91;91159;;2014;;
Chevannes;91;91159;;2015;;
Chevannes;91;91159;;2016;;
Chevannes;91;91159;3.35;2017;3.54;6.89
Chevannes;91;91159;2.98;2018;3.3;6.28
Chevannes;91;91159;3.03;2019;3.93;6.96
Chevannes;91;91159;3.07;2020;3.22;6.29
Chevannes;91;91159;3.15;2021;5.84;8.99
Chevannes;91;91159;3.32;2022;5.42;8.74
Chevannes;91;91159;3.31;2023;;
Chilly-Mazarin;91;91161;;2012;;
Chilly-Mazarin;91;91161;;2013;;
Chilly-Mazarin;91;91161;;2014;;
Chilly-Mazarin;91;91161;;2015;;
Chilly-Mazarin;91;91161;2.78;2016;;
Chilly-Mazarin;91;91161;;2017;;
Chilly-Mazarin;91;91161;;2018;;
Chilly-Mazarin;91;91161;;2019;;
Chilly-Mazarin;91;91161;2.9;2020;;
Chilly-Mazarin;91;91161;2.98;2021;2.46;5.44
Chilly-Mazarin;91;91161;3.15;2022;;
Chilly-Mazarin;91;91161;3.32;2023;;
Corbeil-Essonnes;91;91174;;2012;;
Corbeil-Essonnes;91;91174;;2013;;
Corbeil-Essonnes;91;91174;;2014;;
Corbeil-Essonnes;91;91174;;2015;;
Corbeil-Essonnes;91;91174;2.35;2016;1.95;4.3
Corbeil-Essonnes;91;91174;2.85;2017;2.4;5.25
Corbeil-Essonnes;91;91174;2.82;2018;1.98;4.8
Corbeil-Essonnes;91;91174;2.63;2019;2.01;4.64
Corbeil-Essonnes;91;91174;2.63;2020;2.01;4.64
Corbeil-Essonnes;91;91174;2.71;2021;2.04;4.75
Corbeil-Essonnes;91;91174;2.9;2022;1.99;4.89
Corbeil-Essonnes;91;91174;3.06;2023;;
Corbreuse;91;91175;2.37;2012;;
Corbreuse;91;91175;2.42;2013;;
Corbreuse;91;91175;2.46;2014;;
Corbreuse;91;91175;2.54;2015;;
Corbreuse;91;91175;2.58;2016;2.05;4.63
Corbreuse;91;91175;2.6;2017;1.99;4.59
Corbreuse;91;91175;2.59;2018;2.08;4.67
Corbreuse;91;91175;2.61;2019;2.1;4.71
Corbreuse;91;91175;2.64;2020;2.17;4.81
Corbreuse;91;91175;2.67;2021;2.54;5.21
Corbreuse;91;91175;2.7;2022;2.8;5.5
Corbreuse;91;91175;2.72;2023;;
Le Coudray-Montceaux;91;91179;;2012;;
Le Coudray-Montceaux;91;91179;;2013;;
Le Coudray-Montceaux;91;91179;;2014;;
Le Coudray-Montceaux;91;91179;;2015;;
Le Coudray-Montceaux;91;91179;2.35;2016;1.95;4.3
Le Coudray-Montceaux;91;91179;2.85;2017;2.4;5.25
Le Coudray-Montceaux;91;91179;2.82;2018;1.98;4.8
Le Coudray-Montceaux;91;91179;2.63;2019;2.01;4.64
Le Coudray-Montceaux;91;91179;2.63;2020;2.01;4.64
Le Coudray-Montceaux;91;91179;2.71;2021;2.04;4.75
Le Coudray-Montceaux;91;91179;2.9;2022;1.99;4.89
Le Coudray-Montceaux;91;91179;3.06;2023;;
Courances;91;91180;;2012;;
Courances;91;91180;;2013;;
Courances;91;91180;;2014;;
Courances;91;91180;;2015;;
Courances;91;91180;1.74;2016;2.85;4.59
Courances;91;91180;;2017;;
Courances;91;91180;2.2;2018;;
Courances;91;91180;2.73;2019;2.41;5.14
Courances;91;91180;2.52;2020;2.41;4.93
Courances;91;91180;2.55;2021;2.48;5.03
Courances;91;91180;2.71;2022;2.59;5.3
Courances;91;91180;2.89;2023;;
Courdimanche-sur-Essonne;91;91184;;2012;;
Courdimanche-sur-Essonne;91;91184;;2013;;
Courdimanche-sur-Essonne;91;91184;;2014;;
Courdimanche-sur-Essonne;91;91184;;2015;;
Courdimanche-sur-Essonne;91;91184;;2016;;
Courdimanche-sur-Essonne;91;91184;3.35;2017;3.54;6.89
Courdimanche-sur-Essonne;91;91184;2.98;2018;3.3;6.28
Courdimanche-sur-Essonne;91;91184;3.03;2019;3.93;6.96
Courdimanche-sur-Essonne;91;91184;3.07;2020;3.22;6.29
Courdimanche-sur-Essonne;91;91184;3.15;2021;5.84;8.99
Courdimanche-sur-Essonne;91;91184;3.32;2022;5.42;8.74
Courdimanche-sur-Essonne;91;91184;3.31;2023;;
Courson-Monteloup;91;91186;;2012;;
Courson-Monteloup;91;91186;;2013;;
Courson-Monteloup;91;91186;;2014;;
Courson-Monteloup;91;91186;;2015;;
Courson-Monteloup;91;91186;;2016;;
Courson-Monteloup;91;91186;;2017;;
Courson-Monteloup;91;91186;;2018;;
Courson-Monteloup;91;91186;3.16;2019;;
Courson-Monteloup;91;91186;3.12;2020;;
Courson-Monteloup;91;91186;3.21;2021;;
Courson-Monteloup;91;91186;3.71;2022;;
Courson-Monteloup;91;91186;3.52;2023;;
Crosne;91;91191;;2012;;
Crosne;91;91191;;2013;;
Crosne;91;91191;;2014;;
Crosne;91;91191;;2015;;
Crosne;91;91191;2.63;2016;;
Crosne;91;91191;;2017;;
Crosne;91;91191;;2018;;
Crosne;91;91191;;2019;;
Crosne;91;91191;;2020;;
Crosne;91;91191;2.3;2021;;
Crosne;91;91191;2.95;2022;;
Crosne;91;91191;3.05;2023;;
Dannemois;91;91195;;2012;;
Dannemois;91;91195;;2013;;
Dannemois;91;91195;;2014;;
Dannemois;91;91195;;2015;;
Dannemois;91;91195;1.74;2016;2.85;4.59
Dannemois;91;91195;;2017;;
Dannemois;91;91195;2.2;2018;;
Dannemois;91;91195;2.73;2019;2.41;5.14
Dannemois;91;91195;2.52;2020;2.41;4.93
Dannemois;91;91195;2.55;2021;2.48;5.03
Dannemois;91;91195;2.71;2022;2.59;5.3
Dannemois;91;91195;2.89;2023;;
D'Huison-Longueville;91;91198;;2012;;
D'Huison-Longueville;91;91198;;2013;;
D'Huison-Longueville;91;91198;;2014;;
D'Huison-Longueville;91;91198;;2015;;
D'Huison-Longueville;91;91198;;2016;;
D'Huison-Longueville;91;91198;3.35;2017;3.54;6.89
D'Huison-Longueville;91;91198;2.98;2018;3.3;6.28
D'Huison-Longueville;91;91198;3.03;2019;3.93;6.96
D'Huison-Longueville;91;91198;3.07;2020;3.22;6.29
D'Huison-Longueville;91;91198;3.15;2021;5.84;8.99
D'Huison-Longueville;91;91198;3.32;2022;5.42;8.74
D'Huison-Longueville;91;91198;3.31;2023;;
Dourdan;91;91200;;2012;;
Dourdan;91;91200;;2013;;
Dourdan;91;91200;;2014;;
Dourdan;91;91200;;2015;;
Dourdan;91;91200;;2016;;
Dourdan;91;91200;;2017;;
Dourdan;91;91200;;2018;;
Dourdan;91;91200;3.16;2019;;
Dourdan;91;91200;3.12;2020;;
Dourdan;91;91200;3.21;2021;;
Dourdan;91;91200;3.71;2022;;
Dourdan;91;91200;3.52;2023;;
Écharcon;91;91204;;2012;;
Écharcon;91;91204;;2013;;
Écharcon;91;91204;;2014;;
Écharcon;91;91204;;2015;;
Écharcon;91;91204;;2016;;
Écharcon;91;91204;3.35;2017;3.54;6.89
Écharcon;91;91204;2.98;2018;3.3;6.28
Écharcon;91;91204;3.03;2019;3.93;6.96
Écharcon;91;91204;3.07;2020;3.22;6.29
Écharcon;91;91204;3.15;2021;5.84;8.99
Écharcon;91;91204;3.32;2022;5.42;8.74
Écharcon;91;91204;3.31;2023;;
Égly;91;91207;;2012;;
Égly;91;91207;;2013;;
Égly;91;91207;;2014;;
Égly;91;91207;;2015;;
Égly;91;91207;2.52;2016;;
Égly;91;91207;4.09;2017;;
Égly;91;91207;4.02;2018;;
Égly;91;91207;4.39;2019;1.42;5.81
Égly;91;91207;4.1;2020;;
Égly;91;91207;2.03;2021;;
Égly;91;91207;2.22;2022;0.62;2.84
Égly;91;91207;2.19;2023;;
Épinay-sous-Sénart;91;91215;;2012;;
Épinay-sous-Sénart;91;91215;;2013;;
Épinay-sous-Sénart;91;91215;;2014;;
Épinay-sous-Sénart;91;91215;;2015;;
Épinay-sous-Sénart;91;91215;2.63;2016;;
Épinay-sous-Sénart;91;91215;;2017;;
Épinay-sous-Sénart;91;91215;;2018;;
Épinay-sous-Sénart;91;91215;;2019;;
Épinay-sous-Sénart;91;91215;;2020;;
Épinay-sous-Sénart;91;91215;2.3;2021;;
Épinay-sous-Sénart;91;91215;2.95;2022;;
Épinay-sous-Sénart;91;91215;3.05;2023;;
Épinay-sur-Orge;91;91216;;2012;;
Épinay-sur-Orge;91;91216;;2013;;
Épinay-sur-Orge;91;91216;;2014;;
Épinay-sur-Orge;91;91216;;2015;;
Épinay-sur-Orge;91;91216;2.78;2016;;
Épinay-sur-Orge;91;91216;;2017;;
Épinay-sur-Orge;91;91216;;2018;;
Épinay-sur-Orge;91;91216;;2019;;
Épinay-sur-Orge;91;91216;2.9;2020;;
Épinay-sur-Orge;91;91216;2.98;2021;2.46;5.44
Épinay-sur-Orge;91;91216;3.15;2022;;
Épinay-sur-Orge;91;91216;3.32;2023;;
Étampes;91;91223;;2012;;
Étampes;91;91223;;2013;;
Étampes;91;91223;;2014;;
Étampes;91;91223;;2015;;
Étampes;91;91223;;2016;;
Étampes;91;91223;;2017;;
Étampes;91;91223;;2018;;
Étampes;91;91223;;2019;;
Étampes;91;91223;2.47;2020;3.59;6.06
Étampes;91;91223;;2021;;
Étampes;91;91223;3.91;2022;;
Étampes;91;91223;3.85;2023;;
Étiolles;91;91225;;2012;;
Étiolles;91;91225;;2013;;
Étiolles;91;91225;;2014;;
Étiolles;91;91225;;2015;;
Étiolles;91;91225;2.35;2016;1.95;4.3
Étiolles;91;91225;2.85;2017;2.4;5.25
Étiolles;91;91225;2.82;2018;1.98;4.8
Étiolles;91;91225;2.63;2019;2.01;4.64
Étiolles;91;91225;2.63;2020;2.01;4.64
Étiolles;91;91225;2.71;2021;2.04;4.75
Étiolles;91;91225;2.9;2022;1.99;4.89
Étiolles;91;91225;3.06;2023;;
Étréchy;91;91226;;2012;;
Étréchy;91;91226;;2013;;
Étréchy;91;91226;;2014;;
Étréchy;91;91226;;2015;;
Étréchy;91;91226;;2016;;
Étréchy;91;91226;;2017;;
Étréchy;91;91226;;2018;;
Étréchy;91;91226;2.72;2019;;
Étréchy;91;91226;2.85;2020;;
Étréchy;91;91226;2.85;2021;;
Étréchy;91;91226;5.33;2022;5.81;11.14
Étréchy;91;91226;5.16;2023;;
Évry-Courcouronnes;91;91228;;2012;;
Évry-Courcouronnes;91;91228;;2013;;
Évry-Courcouronnes;91;91228;;2014;;
Évry-Courcouronnes;91;91228;;2015;;
Évry-Courcouronnes;91;91228;2.35;2016;1.95;4.3
Évry-Courcouronnes;91;91228;2.85;2017;2.4;5.25
Évry-Courcouronnes;91;91228;2.82;2018;1.98;4.8
Évry-Courcouronnes;91;91228;2.63;2019;2.01;4.64
Évry-Courcouronnes;91;91228;2.63;2020;2.01;4.64
Évry-Courcouronnes;91;91228;2.71;2021;2.04;4.75
Évry-Courcouronnes;91;91228;2.9;2022;1.99;4.89
Évry-Courcouronnes;91;91228;3.06;2023;;
La Ferté-Alais;91;91232;;2012;;
La Ferté-Alais;91;91232;;2013;;
La Ferté-Alais;91;91232;;2014;;
La Ferté-Alais;91;91232;;2015;;
La Ferté-Alais;91;91232;;2016;;
La Ferté-Alais;91;91232;3.35;2017;3.54;6.89
La Ferté-Alais;91;91232;2.98;2018;3.3;6.28
La Ferté-Alais;91;91232;3.03;2019;3.93;6.96
La Ferté-Alais;91;91232;3.07;2020;3.22;6.29
La Ferté-Alais;91;91232;3.15;2021;5.84;8.99
La Ferté-Alais;91;91232;3.32;2022;5.42;8.74
La Ferté-Alais;91;91232;3.31;2023;;
Fleury-Mérogis;91;91235;;2012;;
Fleury-Mérogis;91;91235;;2013;;
Fleury-Mérogis;91;91235;;2014;;
Fleury-Mérogis;91;91235;;2015;;
Fleury-Mérogis;91;91235;2.52;2016;;
Fleury-Mérogis;91;91235;4.09;2017;;
Fleury-Mérogis;91;91235;4.02;2018;;
Fleury-Mérogis;91;91235;4.39;2019;1.42;5.81
Fleury-Mérogis;91;91235;4.1;2020;;
Fleury-Mérogis;91;91235;2.03;2021;;
Fleury-Mérogis;91;91235;2.22;2022;0.62;2.84
Fleury-Mérogis;91;91235;2.19;2023;;
Fontaine-la-Rivière;91;91240;;2012;;
Fontaine-la-Rivière;91;91240;;2013;;
Fontaine-la-Rivière;91;91240;;2014;;
Fontaine-la-Rivière;91;91240;;2015;;
Fontaine-la-Rivière;91;91240;;2016;;
Fontaine-la-Rivière;91;91240;;2017;;
Fontaine-la-Rivière;91;91240;;2018;;
Fontaine-la-Rivière;91;91240;;2019;;
Fontaine-la-Rivière;91;91240;2.47;2020;3.59;6.06
Fontaine-la-Rivière;91;91240;;2021;;
Fontaine-la-Rivière;91;91240;3.91;2022;;
Fontaine-la-Rivière;91;91240;3.85;2023;;
Fontenay-lès-Briis;91;91243;;2012;;
Fontenay-lès-Briis;91;91243;;2013;;
Fontenay-lès-Briis;91;91243;;2014;;
Fontenay-lès-Briis;91;91243;;2015;;
Fontenay-lès-Briis;91;91243;;2016;;
Fontenay-lès-Briis;91;91243;;2017;;
Fontenay-lès-Briis;91;91243;;2018;;
Fontenay-lès-Briis;91;91243;3.16;2019;;
Fontenay-lès-Briis;91;91243;3.12;2020;;
Fontenay-lès-Briis;91;91243;3.21;2021;;
Fontenay-lès-Briis;91;91243;3.71;2022;;
Fontenay-lès-Briis;91;91243;3.52;2023;;
Fontenay-le-Vicomte;91;91244;;2012;;
Fontenay-le-Vicomte;91;91244;;2013;;
Fontenay-le-Vicomte;91;91244;;2014;;
Fontenay-le-Vicomte;91;91244;;2015;;
Fontenay-le-Vicomte;91;91244;;2016;;
Fontenay-le-Vicomte;91;91244;3.35;2017;3.54;6.89
Fontenay-le-Vicomte;91;91244;2.98;2018;3.3;6.28
Fontenay-le-Vicomte;91;91244;3.03;2019;3.93;6.96
Fontenay-le-Vicomte;91;91244;3.07;2020;3.22;6.29
Fontenay-le-Vicomte;91;91244;3.15;2021;5.84;8.99
Fontenay-le-Vicomte;91;91244;3.32;2022;5.42;8.74
Fontenay-le-Vicomte;91;91244;3.31;2023;;
La Forêt-le-Roi;91;91247;;2012;;
La Forêt-le-Roi;91;91247;;2013;;
La Forêt-le-Roi;91;91247;;2014;;
La Forêt-le-Roi;91;91247;;2015;;
La Forêt-le-Roi;91;91247;;2016;;
La Forêt-le-Roi;91;91247;;2017;;
La Forêt-le-Roi;91;91247;;2018;;
La Forêt-le-Roi;91;91247;3.16;2019;;
La Forêt-le-Roi;91;91247;3.12;2020;;
La Forêt-le-Roi;91;91247;3.21;2021;;
La Forêt-le-Roi;91;91247;3.71;2022;;
La Forêt-le-Roi;91;91247;3.52;2023;;
La Forêt-Sainte-Croix;91;91248;;2012;;
La Forêt-Sainte-Croix;91;91248;;2013;;
La Forêt-Sainte-Croix;91;91248;;2014;;
La Forêt-Sainte-Croix;91;91248;;2015;;
La Forêt-Sainte-Croix;91;91248;;2016;;
La Forêt-Sainte-Croix;91;91248;;2017;;
La Forêt-Sainte-Croix;91;91248;;2018;;
La Forêt-Sainte-Croix;91;91248;;2019;;
La Forêt-Sainte-Croix;91;91248;2.47;2020;3.59;6.06
La Forêt-Sainte-Croix;91;91248;;2021;;
La Forêt-Sainte-Croix;91;91248;3.91;2022;;
La Forêt-Sainte-Croix;91;91248;3.85;2023;;
Forges-les-Bains;91;91249;;2012;;
Forges-les-Bains;91;91249;;2013;;
Forges-les-Bains;91;91249;;2014;;
Forges-les-Bains;91;91249;;2015;;
Forges-les-Bains;91;91249;;2016;;
Forges-les-Bains;91;91249;;2017;;
Forges-les-Bains;91;91249;;2018;;
Forges-les-Bains;91;91249;3.16;2019;;
Forges-les-Bains;91;91249;3.12;2020;;
Forges-les-Bains;91;91249;3.21;2021;;
Forges-les-Bains;91;91249;3.71;2022;;
Forges-les-Bains;91;91249;3.52;2023;;
Gif-sur-Yvette;91;91272;;2012;;
Gif-sur-Yvette;91;91272;;2013;;
Gif-sur-Yvette;91;91272;;2014;;
Gif-sur-Yvette;91;91272;;2015;;
Gif-sur-Yvette;91;91272;2.78;2016;;
Gif-sur-Yvette;91;91272;;2017;;
Gif-sur-Yvette;91;91272;;2018;;
Gif-sur-Yvette;91;91272;;2019;;
Gif-sur-Yvette;91;91272;2.9;2020;;
Gif-sur-Yvette;91;91272;2.98;2021;2.46;5.44
Gif-sur-Yvette;91;91272;3.15;2022;;
Gif-sur-Yvette;91;91272;3.32;2023;;
Gironville-sur-Essonne;91;91273;;2012;;
Gironville-sur-Essonne;91;91273;;2013;;
Gironville-sur-Essonne;91;91273;;2014;;
Gironville-sur-Essonne;91;91273;;2015;;
Gironville-sur-Essonne;91;91273;;2016;;
Gironville-sur-Essonne;91;91273;3.35;2017;3.54;6.89
Gironville-sur-Essonne;91;91273;2.98;2018;3.3;6.28
Gironville-sur-Essonne;91;91273;3.03;2019;3.93;6.96
Gironville-sur-Essonne;91;91273;3.07;2020;3.22;6.29
Gironville-sur-Essonne;91;91273;3.15;2021;5.84;8.99
Gironville-sur-Essonne;91;91273;3.32;2022;5.42;8.74
Gironville-sur-Essonne;91;91273;3.31;2023;;
Gometz-la-Ville;91;91274;;2012;;
Gometz-la-Ville;91;91274;;2013;;
Gometz-la-Ville;91;91274;2.82;2014;;
Gometz-la-Ville;91;91274;2.83;2015;;
Gometz-la-Ville;91;91274;2.84;2016;;
Gometz-la-Ville;91;91274;;2017;;
Gometz-la-Ville;91;91274;;2018;;
Gometz-la-Ville;91;91274;;2019;;
Gometz-la-Ville;91;91274;;2020;;
Gometz-la-Ville;91;91274;;2021;;
Gometz-la-Ville;91;91274;;2022;;
Gometz-la-Ville;91;91274;3.7;2023;;
Gometz-le-Châtel;91;91275;;2012;;
Gometz-le-Châtel;91;91275;;2013;;
Gometz-le-Châtel;91;91275;;2014;;
Gometz-le-Châtel;91;91275;;2015;;
Gometz-le-Châtel;91;91275;2.78;2016;;
Gometz-le-Châtel;91;91275;;2017;;
Gometz-le-Châtel;91;91275;;2018;;
Gometz-le-Châtel;91;91275;;2019;;
Gometz-le-Châtel;91;91275;2.9;2020;;
Gometz-le-Châtel;91;91275;2.98;2021;2.46;5.44
Gometz-le-Châtel;91;91275;3.15;2022;;
Gometz-le-Châtel;91;91275;3.32;2023;;
Les Granges-le-Roi;91;91284;;2012;;
Les Granges-le-Roi;91;91284;;2013;;
Les Granges-le-Roi;91;91284;;2014;;
Les Granges-le-Roi;91;91284;;2015;;
Les Granges-le-Roi;91;91284;;2016;;
Les Granges-le-Roi;91;91284;;2017;;
Les Granges-le-Roi;91;91284;;2018;;
Les Granges-le-Roi;91;91284;3.16;2019;;
Les Granges-le-Roi;91;91284;3.12;2020;;
Les Granges-le-Roi;91;91284;3.21;2021;;
Les Granges-le-Roi;91;91284;3.71;2022;;
Les Granges-le-Roi;91;91284;3.52;2023;;
Grigny;91;91286;;2012;;
Grigny;91;91286;;2013;;
Grigny;91;91286;;2014;;
Grigny;91;91286;;2015;;
Grigny;91;91286;2.35;2016;1.95;4.3
Grigny;91;91286;2.85;2017;2.4;5.25
Grigny;91;91286;2.82;2018;1.98;4.8
Grigny;91;91286;2.63;2019;2.01;4.64
Grigny;91;91286;2.63;2020;2.01;4.64
Grigny;91;91286;2.71;2021;2.04;4.75
Grigny;91;91286;2.9;2022;1.99;4.89
Grigny;91;91286;3.06;2023;;
Guibeville;91;91292;;2012;;
Guibeville;91;91292;;2013;;
Guibeville;91;91292;;2014;;
Guibeville;91;91292;;2015;;
Guibeville;91;91292;2.52;2016;;
Guibeville;91;91292;4.09;2017;;
Guibeville;91;91292;4.02;2018;;
Guibeville;91;91292;4.39;2019;1.42;5.81
Guibeville;91;91292;4.1;2020;;
Guibeville;91;91292;2.03;2021;;
Guibeville;91;91292;2.22;2022;0.62;2.84
Guibeville;91;91292;2.19;2023;;
Guigneville-sur-Essonne;91;91293;;2012;;
Guigneville-sur-Essonne;91;91293;;2013;;
Guigneville-sur-Essonne;91;91293;;2014;;
Guigneville-sur-Essonne;91;91293;;2015;;
Guigneville-sur-Essonne;91;91293;;2016;;
Guigneville-sur-Essonne;91;91293;3.35;2017;3.54;6.89
Guigneville-sur-Essonne;91;91293;2.98;2018;3.3;6.28
Guigneville-sur-Essonne;91;91293;3.03;2019;3.93;6.96
Guigneville-sur-Essonne;91;91293;3.07;2020;3.22;6.29
Guigneville-sur-Essonne;91;91293;3.15;2021;5.84;8.99
Guigneville-sur-Essonne;91;91293;3.32;2022;5.42;8.74
Guigneville-sur-Essonne;91;91293;3.31;2023;;
Guillerval;91;91294;;2012;;
Guillerval;91;91294;;2013;;
Guillerval;91;91294;;2014;;
Guillerval;91;91294;;2015;;
Guillerval;91;91294;;2016;;
Guillerval;91;91294;;2017;;
Guillerval;91;91294;;2018;;
Guillerval;91;91294;;2019;;
Guillerval;91;91294;2.47;2020;3.59;6.06
Guillerval;91;91294;;2021;;
Guillerval;91;91294;3.91;2022;;
Guillerval;91;91294;3.85;2023;;
Igny;91;91312;2.05;2012;;
Igny;91;91312;2.04;2013;;
Igny;91;91312;2.05;2014;;
Igny;91;91312;2.06;2015;;
Igny;91;91312;1.97;2016;;
Igny;91;91312;1.97;2017;;
Igny;91;91312;1.97;2018;;
Igny;91;91312;1.86;2019;;
Igny;91;91312;2.09;2020;;
Igny;91;91312;2.13;2021;;
Igny;91;91312;2.25;2022;;
Igny;91;91312;2.32;2023;;
Itteville;91;91315;;2012;;
Itteville;91;91315;;2013;;
Itteville;91;91315;;2014;;
Itteville;91;91315;;2015;;
Itteville;91;91315;;2016;;
Itteville;91;91315;3.35;2017;3.54;6.89
Itteville;91;91315;2.98;2018;3.3;6.28
Itteville;91;91315;3.03;2019;3.93;6.96
Itteville;91;91315;3.07;2020;3.22;6.29
Itteville;91;91315;3.15;2021;5.84;8.99
Itteville;91;91315;3.32;2022;5.42;8.74
Itteville;91;91315;3.31;2023;;
Janville-sur-Juine;91;91318;;2012;;
Janville-sur-Juine;91;91318;;2013;;
Janville-sur-Juine;91;91318;;2014;;
Janville-sur-Juine;91;91318;;2015;;
Janville-sur-Juine;91;91318;;2016;;
Janville-sur-Juine;91;91318;3.35;2017;3.54;6.89
Janville-sur-Juine;91;91318;2.98;2018;3.3;6.28
Janville-sur-Juine;91;91318;3.03;2019;3.93;6.96
Janville-sur-Juine;91;91318;3.07;2020;3.22;6.29
Janville-sur-Juine;91;91318;3.15;2021;5.84;8.99
Janville-sur-Juine;91;91318;3.32;2022;5.42;8.74
Janville-sur-Juine;91;91318;3.31;2023;;
Janvry;91;91319;;2012;;
Janvry;91;91319;;2013;;
Janvry;91;91319;2.82;2014;;
Janvry;91;91319;1.82;2015;;
Janvry;91;91319;2.84;2016;;
Janvry;91;91319;;2017;;
Janvry;91;91319;;2018;;
Janvry;91;91319;;2019;;
Janvry;91;91319;;2020;;
Janvry;91;91319;;2021;;
Janvry;91;91319;;2022;;
Janvry;91;91319;3.14;2023;;
Juvisy-sur-Orge;91;91326;2.05;2012;;
Juvisy-sur-Orge;91;91326;2.04;2013;;
Juvisy-sur-Orge;91;91326;2.05;2014;;
Juvisy-sur-Orge;91;91326;2.06;2015;;
Juvisy-sur-Orge;91;91326;1.97;2016;2.18;4.15
Juvisy-sur-Orge;91;91326;1.97;2017;1.74;3.71
Juvisy-sur-Orge;91;91326;2.19;2018;2.26;4.45
Juvisy-sur-Orge;91;91326;2.48;2019;2.28;4.76
Juvisy-sur-Orge;91;91326;2.46;2020;2.33;4.79
Juvisy-sur-Orge;91;91326;2.68;2021;1.98;4.66
Juvisy-sur-Orge;91;91326;3.02;2022;2.9;5.92
Juvisy-sur-Orge;91;91326;3.22;2023;;
Lardy;91;91330;;2012;;
Lardy;91;91330;;2013;;
Lardy;91;91330;;2014;;
Lardy;91;91330;;2015;;
Lardy;91;91330;;2016;;
Lardy;91;91330;3.35;2017;3.54;6.89
Lardy;91;91330;2.98;2018;3.3;6.28
Lardy;91;91330;3.03;2019;3.93;6.96
Lardy;91;91330;3.07;2020;3.22;6.29
Lardy;91;91330;3.15;2021;5.84;8.99
Lardy;91;91330;3.32;2022;5.42;8.74
Lardy;91;91330;3.31;2023;;
Leudeville;91;91332;;2012;;
Leudeville;91;91332;;2013;;
Leudeville;91;91332;;2014;;
Leudeville;91;91332;;2015;;
Leudeville;91;91332;;2016;;
Leudeville;91;91332;3.35;2017;3.54;6.89
Leudeville;91;91332;2.98;2018;3.3;6.28
Leudeville;91;91332;3.03;2019;3.93;6.96
Leudeville;91;91332;3.07;2020;3.22;6.29
Leudeville;91;91332;3.15;2021;5.84;8.99
Leudeville;91;91332;3.32;2022;5.42;8.74
Leudeville;91;91332;3.31;2023;;
Leuville-sur-Orge;91;91333;;2012;;
Leuville-sur-Orge;91;91333;;2013;;
Leuville-sur-Orge;91;91333;;2014;;
Leuville-sur-Orge;91;91333;;2015;;
Leuville-sur-Orge;91;91333;2.52;2016;;
Leuville-sur-Orge;91;91333;4.09;2017;;
Leuville-sur-Orge;91;91333;4.02;2018;;
Leuville-sur-Orge;91;91333;4.39;2019;1.42;5.81
Leuville-sur-Orge;91;91333;4.1;2020;;
Leuville-sur-Orge;91;91333;2.03;2021;;
Leuville-sur-Orge;91;91333;2.22;2022;0.62;2.84
Leuville-sur-Orge;91;91333;2.19;2023;;
Limours;91;91338;;2012;;
Limours;91;91338;;2013;;
Limours;91;91338;2.68;2014;2.3;4.98
Limours;91;91338;2.68;2015;2.39;5.07
Limours;91;91338;2.67;2016;2.42;5.09
Limours;91;91338;;2017;;
Limours;91;91338;;2018;;
Limours;91;91338;;2019;;
Limours;91;91338;;2020;;
Limours;91;91338;3.03;2021;2.89;5.92
Limours;91;91338;3.46;2022;3.07;6.53
Limours;91;91338;3.39;2023;;
Linas;91;91339;;2012;;
Linas;91;91339;;2013;;
Linas;91;91339;;2014;;
Linas;91;91339;;2015;;
Linas;91;91339;2.78;2016;;
Linas;91;91339;;2017;;
Linas;91;91339;;2018;;
Linas;91;91339;;2019;;
Linas;91;91339;2.9;2020;;
Linas;91;91339;2.98;2021;2.46;5.44
Linas;91;91339;3.15;2022;;
Linas;91;91339;3.32;2023;;
Lisses;91;91340;;2012;;
Lisses;91;91340;;2013;;
Lisses;91;91340;;2014;;
Lisses;91;91340;;2015;;
Lisses;91;91340;2.35;2016;1.95;4.3
Lisses;91;91340;2.85;2017;2.4;5.25
Lisses;91;91340;2.82;2018;1.98;4.8
Lisses;91;91340;2.63;2019;2.01;4.64
Lisses;91;91340;2.63;2020;2.01;4.64
Lisses;91;91340;2.71;2021;2.04;4.75
Lisses;91;91340;2.9;2022;1.99;4.89
Lisses;91;91340;3.06;2023;;
Longjumeau;91;91345;;2012;;
Longjumeau;91;91345;;2013;;
Longjumeau;91;91345;;2014;;
Longjumeau;91;91345;;2015;;
Longjumeau;91;91345;2.78;2016;;
Longjumeau;91;91345;;2017;;
Longjumeau;91;91345;;2018;;
Longjumeau;91;91345;;2019;;
Longjumeau;91;91345;2.9;2020;;
Longjumeau;91;91345;2.98;2021;2.46;5.44
Longjumeau;91;91345;3.15;2022;;
Longjumeau;91;91345;3.32;2023;;
Longpont-sur-Orge;91;91347;;2012;;
Longpont-sur-Orge;91;91347;;2013;;
Longpont-sur-Orge;91;91347;;2014;;
Longpont-sur-Orge;91;91347;;2015;;
Longpont-sur-Orge;91;91347;2.52;2016;;
Longpont-sur-Orge;91;91347;4.09;2017;;
Longpont-sur-Orge;91;91347;4.02;2018;;
Longpont-sur-Orge;91;91347;4.39;2019;1.42;5.81
Longpont-sur-Orge;91;91347;4.1;2020;;
Longpont-sur-Orge;91;91347;2.03;2021;;
Longpont-sur-Orge;91;91347;2.22;2022;0.62;2.84
Longpont-sur-Orge;91;91347;2.19;2023;;
Maisse;91;91359;;2012;;
Maisse;91;91359;;2013;;
Maisse;91;91359;;2014;;
Maisse;91;91359;;2015;;
Maisse;91;91359;;2016;;
Maisse;91;91359;3.35;2017;3.54;6.89
Maisse;91;91359;2.98;2018;3.3;6.28
Maisse;91;91359;3.03;2019;3.93;6.96
Maisse;91;91359;3.07;2020;3.22;6.29
Maisse;91;91359;3.15;2021;5.84;8.99
Maisse;91;91359;3.32;2022;5.42;8.74
Maisse;91;91359;3.31;2023;;
Marcoussis;91;91363;;2012;;
Marcoussis;91;91363;;2013;;
Marcoussis;91;91363;;2014;;
Marcoussis;91;91363;;2015;;
Marcoussis;91;91363;2.78;2016;;
Marcoussis;91;91363;;2017;;
Marcoussis;91;91363;;2018;;
Marcoussis;91;91363;;2019;;
Marcoussis;91;91363;2.9;2020;;
Marcoussis;91;91363;2.98;2021;2.46;5.44
Marcoussis;91;91363;3.15;2022;;
Marcoussis;91;91363;3.32;2023;;
Marolles-en-Beauce;91;91374;;2012;;
Marolles-en-Beauce;91;91374;;2013;;
Marolles-en-Beauce;91;91374;;2014;;
Marolles-en-Beauce;91;91374;;2015;;
Marolles-en-Beauce;91;91374;;2016;;
Marolles-en-Beauce;91;91374;;2017;;
Marolles-en-Beauce;91;91374;;2018;;
Marolles-en-Beauce;91;91374;;2019;;
Marolles-en-Beauce;91;91374;2.47;2020;3.59;6.06
Marolles-en-Beauce;91;91374;;2021;;
Marolles-en-Beauce;91;91374;3.91;2022;;
Marolles-en-Beauce;91;91374;3.85;2023;;
Marolles-en-Hurepoix;91;91376;;2012;;
Marolles-en-Hurepoix;91;91376;;2013;;
Marolles-en-Hurepoix;91;91376;;2014;;
Marolles-en-Hurepoix;91;91376;;2015;;
Marolles-en-Hurepoix;91;91376;2.52;2016;;
Marolles-en-Hurepoix;91;91376;4.09;2017;;
Marolles-en-Hurepoix;91;91376;4.02;2018;;
Marolles-en-Hurepoix;91;91376;4.39;2019;1.42;5.81
Marolles-en-Hurepoix;91;91376;4.1;2020;;
Marolles-en-Hurepoix;91;91376;2.03;2021;;
Marolles-en-Hurepoix;91;91376;2.22;2022;0.62;2.84
Marolles-en-Hurepoix;91;91376;2.19;2023;;
Massy;91;91377;2.05;2012;;
Massy;91;91377;2.04;2013;;
Massy;91;91377;2.05;2014;;
Massy;91;91377;2.06;2015;;
Massy;91;91377;1.97;2016;;
Massy;91;91377;1.97;2017;;
Massy;91;91377;1.97;2018;;
Massy;91;91377;1.86;2019;;
Massy;91;91377;2.09;2020;;
Massy;91;91377;2.13;2021;;
Massy;91;91377;2.25;2022;;
Massy;91;91377;2.32;2023;;
Mauchamps;91;91378;;2012;;
Mauchamps;91;91378;;2013;;
Mauchamps;91;91378;;2014;;
Mauchamps;91;91378;;2015;;
Mauchamps;91;91378;;2016;;
Mauchamps;91;91378;;2017;;
Mauchamps;91;91378;;2018;;
Mauchamps;91;91378;2.72;2019;;
Mauchamps;91;91378;2.85;2020;;
Mauchamps;91;91378;2.85;2021;;
Mauchamps;91;91378;5.33;2022;5.81;11.14
Mauchamps;91;91378;5.16;2023;;
Mennecy;91;91386;;2012;;
Mennecy;91;91386;;2013;;
Mennecy;91;91386;;2014;;
Mennecy;91;91386;;2015;;
Mennecy;91;91386;;2016;;
Mennecy;91;91386;3.35;2017;3.54;6.89
Mennecy;91;91386;2.98;2018;3.3;6.28
Mennecy;91;91386;3.03;2019;3.93;6.96
Mennecy;91;91386;3.07;2020;3.22;6.29
Mennecy;91;91386;3.15;2021;5.84;8.99
Mennecy;91;91386;3.32;2022;5.42;8.74
Mennecy;91;91386;3.31;2023;;
Le Mérévillois;91;91390;;2012;;
Le Mérévillois;91;91390;;2013;;
Le Mérévillois;91;91390;;2014;;
Le Mérévillois;91;91390;;2015;;
Le Mérévillois;91;91390;;2016;;
Le Mérévillois;91;91390;;2017;;
Le Mérévillois;91;91390;;2018;;
Le Mérévillois;91;91390;;2019;;
Le Mérévillois;91;91390;2.47;2020;3.59;6.06
Le Mérévillois;91;91390;;2021;;
Le Mérévillois;91;91390;3.91;2022;;
Le Mérévillois;91;91390;3.85;2023;;
Mérobert;91;91393;1.52;2012;;
Mérobert;91;91393;1.53;2013;;
Mérobert;91;91393;1.51;2014;;
Mérobert;91;91393;1.57;2015;;
Mérobert;91;91393;1.58;2016;;
Mérobert;91;91393;1.65;2017;;
Mérobert;91;91393;1.72;2018;;
Mérobert;91;91393;1.78;2019;;
Mérobert;91;91393;1.8;2020;;
Mérobert;91;91393;2.02;2021;;
Mérobert;91;91393;2.18;2022;;
Mérobert;91;91393;2.19;2023;;
Mespuits;91;91399;;2012;;
Mespuits;91;91399;;2013;;
Mespuits;91;91399;;2014;;
Mespuits;91;91399;;2015;;
Mespuits;91;91399;;2016;;
Mespuits;91;91399;;2017;;
Mespuits;91;91399;;2018;;
Mespuits;91;91399;;2019;;
Mespuits;91;91399;2.47;2020;3.59;6.06
Mespuits;91;91399;;2021;;
Mespuits;91;91399;3.91;2022;;
Mespuits;91;91399;3.85;2023;;
Milly-la-Forêt;91;91405;;2012;;
Milly-la-Forêt;91;91405;;2013;;
Milly-la-Forêt;91;91405;;2014;;
Milly-la-Forêt;91;91405;;2015;;
Milly-la-Forêt;91;91405;1.74;2016;2.85;4.59
Milly-la-Forêt;91;91405;;2017;;
Milly-la-Forêt;91;91405;2.2;2018;;
Milly-la-Forêt;91;91405;2.73;2019;2.41;5.14
Milly-la-Forêt;91;91405;2.52;2020;2.41;4.93
Milly-la-Forêt;91;91405;2.55;2021;2.48;5.03
Milly-la-Forêt;91;91405;2.71;2022;2.59;5.3
Milly-la-Forêt;91;91405;2.89;2023;;
Moigny-sur-École;91;91408;;2012;;
Moigny-sur-École;91;91408;;2013;;
Moigny-sur-École;91;91408;;2014;;
Moigny-sur-École;91;91408;;2015;;
Moigny-sur-École;91;91408;1.74;2016;2.85;4.59
Moigny-sur-École;91;91408;;2017;;
Moigny-sur-École;91;91408;2.2;2018;;
Moigny-sur-École;91;91408;2.73;2019;2.41;5.14
Moigny-sur-École;91;91408;2.52;2020;2.41;4.93
Moigny-sur-École;91;91408;2.55;2021;2.48;5.03
Moigny-sur-École;91;91408;2.71;2022;2.59;5.3
Moigny-sur-École;91;91408;2.89;2023;;
Mondeville;91;91412;;2012;;
Mondeville;91;91412;;2013;;
Mondeville;91;91412;;2014;;
Mondeville;91;91412;;2015;;
Mondeville;91;91412;;2016;;
Mondeville;91;91412;3.35;2017;3.54;6.89
Mondeville;91;91412;2.98;2018;3.3;6.28
Mondeville;91;91412;3.03;2019;3.93;6.96
Mondeville;91;91412;3.07;2020;3.22;6.29
Mondeville;91;91412;3.15;2021;5.84;8.99
Mondeville;91;91412;3.32;2022;5.42;8.74
Mondeville;91;91412;3.31;2023;;
Monnerville;91;91414;;2012;;
Monnerville;91;91414;;2013;;
Monnerville;91;91414;;2014;;
Monnerville;91;91414;;2015;;
Monnerville;91;91414;;2016;;
Monnerville;91;91414;;2017;;
Monnerville;91;91414;;2018;;
Monnerville;91;91414;;2019;;
Monnerville;91;91414;2.47;2020;3.59;6.06
Monnerville;91;91414;;2021;;
Monnerville;91;91414;3.91;2022;;
Monnerville;91;91414;3.85;2023;;
Montgeron;91;91421;;2012;;
Montgeron;91;91421;;2013;;
Montgeron;91;91421;;2014;;
Montgeron;91;91421;;2015;;
Montgeron;91;91421;2.63;2016;;
Montgeron;91;91421;;2017;;
Montgeron;91;91421;;2018;;
Montgeron;91;91421;;2019;;
Montgeron;91;91421;;2020;;
Montgeron;91;91421;2.3;2021;;
Montgeron;91;91421;2.95;2022;;
Montgeron;91;91421;3.05;2023;;
Montlhéry;91;91425;;2012;;
Montlhéry;91;91425;;2013;;
Montlhéry;91;91425;;2014;;
Montlhéry;91;91425;;2015;;
Montlhéry;91;91425;2.78;2016;;
Montlhéry;91;91425;;2017;;
Montlhéry;91;91425;;2018;;
Montlhéry;91;91425;;2019;;
Montlhéry;91;91425;2.9;2020;;
Montlhéry;91;91425;2.98;2021;2.46;5.44
Montlhéry;91;91425;3.15;2022;;
Montlhéry;91;91425;3.32;2023;;
Morigny-Champigny;91;91433;;2012;;
Morigny-Champigny;91;91433;;2013;;
Morigny-Champigny;91;91433;;2014;;
Morigny-Champigny;91;91433;;2015;;
Morigny-Champigny;91;91433;;2016;;
Morigny-Champigny;91;91433;;2017;;
Morigny-Champigny;91;91433;;2018;;
Morigny-Champigny;91;91433;;2019;;
Morigny-Champigny;91;91433;2.47;2020;3.59;6.06
Morigny-Champigny;91;91433;;2021;;
Morigny-Champigny;91;91433;3.91;2022;;
Morigny-Champigny;91;91433;3.85;2023;;
Morsang-sur-Orge;91;91434;;2012;;
Morsang-sur-Orge;91;91434;;2013;;
Morsang-sur-Orge;91;91434;;2014;;
Morsang-sur-Orge;91;91434;;2015;;
Morsang-sur-Orge;91;91434;2.52;2016;;
Morsang-sur-Orge;91;91434;4.09;2017;;
Morsang-sur-Orge;91;91434;4.02;2018;;
Morsang-sur-Orge;91;91434;4.39;2019;1.42;5.81
Morsang-sur-Orge;91;91434;4.1;2020;;
Morsang-sur-Orge;91;91434;2.03;2021;;
Morsang-sur-Orge;91;91434;2.22;2022;0.62;2.84
Morsang-sur-Orge;91;91434;2.19;2023;;
Morsang-sur-Seine;91;91435;;2012;;
Morsang-sur-Seine;91;91435;;2013;;
Morsang-sur-Seine;91;91435;;2014;;
Morsang-sur-Seine;91;91435;;2015;;
Morsang-sur-Seine;91;91435;2.35;2016;1.95;4.3
Morsang-sur-Seine;91;91435;2.85;2017;2.4;5.25
Morsang-sur-Seine;91;91435;2.82;2018;1.98;4.8
Morsang-sur-Seine;91;91435;2.63;2019;2.01;4.64
Morsang-sur-Seine;91;91435;2.63;2020;2.01;4.64
Morsang-sur-Seine;91;91435;2.71;2021;2.04;4.75
Morsang-sur-Seine;91;91435;2.9;2022;1.99;4.89
Morsang-sur-Seine;91;91435;3.06;2023;;
Nainville-les-Roches;91;91441;;2012;;
Nainville-les-Roches;91;91441;;2013;;
Nainville-les-Roches;91;91441;;2014;;
Nainville-les-Roches;91;91441;;2015;;
Nainville-les-Roches;91;91441;;2016;;
Nainville-les-Roches;91;91441;3.35;2017;3.54;6.89
Nainville-les-Roches;91;91441;2.98;2018;3.3;6.28
Nainville-les-Roches;91;91441;3.03;2019;3.93;6.96
Nainville-les-Roches;91;91441;3.07;2020;3.22;6.29
Nainville-les-Roches;91;91441;3.15;2021;5.84;8.99
Nainville-les-Roches;91;91441;3.32;2022;5.42;8.74
Nainville-les-Roches;91;91441;3.31;2023;;
La Norville;91;91457;;2012;;
La Norville;91;91457;;2013;;
La Norville;91;91457;;2014;;
La Norville;91;91457;;2015;;
La Norville;91;91457;2.52;2016;;
La Norville;91;91457;4.09;2017;;
La Norville;91;91457;4.02;2018;;
La Norville;91;91457;4.39;2019;1.42;5.81
La Norville;91;91457;4.1;2020;;
La Norville;91;91457;2.03;2021;;
La Norville;91;91457;2.22;2022;0.62;2.84
La Norville;91;91457;2.19;2023;;
Nozay;91;91458;;2012;;
Nozay;91;91458;;2013;;
Nozay;91;91458;;2014;;
Nozay;91;91458;;2015;;
Nozay;91;91458;2.78;2016;;
Nozay;91;91458;;2017;;
Nozay;91;91458;;2018;;
Nozay;91;91458;;2019;;
Nozay;91;91458;2.9;2020;;
Nozay;91;91458;2.98;2021;2.46;5.44
Nozay;91;91458;3.15;2022;;
Nozay;91;91458;3.32;2023;;
Ollainville;91;91461;;2012;;
Ollainville;91;91461;;2013;;
Ollainville;91;91461;;2014;;
Ollainville;91;91461;;2015;;
Ollainville;91;91461;2.52;2016;;
Ollainville;91;91461;4.09;2017;;
Ollainville;91;91461;4.02;2018;;
Ollainville;91;91461;4.39;2019;1.42;5.81
Ollainville;91;91461;4.1;2020;;
Ollainville;91;91461;2.03;2021;;
Ollainville;91;91461;2.22;2022;0.62;2.84
Ollainville;91;91461;2.19;2023;;
Oncy-sur-École;91;91463;;2012;;
Oncy-sur-École;91;91463;;2013;;
Oncy-sur-École;91;91463;;2014;;
Oncy-sur-École;91;91463;;2015;;
Oncy-sur-École;91;91463;1.74;2016;2.85;4.59
Oncy-sur-École;91;91463;;2017;;
Oncy-sur-École;91;91463;2.2;2018;;
Oncy-sur-École;91;91463;2.73;2019;2.41;5.14
Oncy-sur-École;91;91463;2.52;2020;2.41;4.93
Oncy-sur-École;91;91463;2.55;2021;2.48;5.03
Oncy-sur-École;91;91463;2.71;2022;2.59;5.3
Oncy-sur-École;91;91463;2.89;2023;;
Ormoy;91;91468;;2012;;
Ormoy;91;91468;;2013;;
Ormoy;91;91468;;2014;;
Ormoy;91;91468;;2015;;
Ormoy;91;91468;;2016;;
Ormoy;91;91468;3.35;2017;3.54;6.89
Ormoy;91;91468;2.98;2018;3.3;6.28
Ormoy;91;91468;3.03;2019;3.93;6.96
Ormoy;91;91468;3.07;2020;3.22;6.29
Ormoy;91;91468;3.15;2021;5.84;8.99
Ormoy;91;91468;3.32;2022;5.42;8.74
Ormoy;91;91468;3.31;2023;;
Ormoy-la-Rivière;91;91469;;2012;;
Ormoy-la-Rivière;91;91469;;2013;;
Ormoy-la-Rivière;91;91469;;2014;;
Ormoy-la-Rivière;91;91469;;2015;;
Ormoy-la-Rivière;91;91469;;2016;;
Ormoy-la-Rivière;91;91469;;2017;;
Ormoy-la-Rivière;91;91469;;2018;;
Ormoy-la-Rivière;91;91469;;2019;;
Ormoy-la-Rivière;91;91469;2.47;2020;3.59;6.06
Ormoy-la-Rivière;91;91469;;2021;;
Ormoy-la-Rivière;91;91469;3.91;2022;;
Ormoy-la-Rivière;91;91469;3.85;2023;;
Orsay;91;91471;;2012;;
Orsay;91;91471;;2013;;
Orsay;91;91471;;2014;;
Orsay;91;91471;;2015;;
Orsay;91;91471;2.78;2016;;
Orsay;91;91471;;2017;;
Orsay;91;91471;;2018;;
Orsay;91;91471;;2019;;
Orsay;91;91471;2.9;2020;;
Orsay;91;91471;2.98;2021;2.46;5.44
Orsay;91;91471;3.15;2022;;
Orsay;91;91471;3.32;2023;;
Orveau;91;91473;;2012;;
Orveau;91;91473;;2013;;
Orveau;91;91473;;2014;;
Orveau;91;91473;;2015;;
Orveau;91;91473;;2016;;
Orveau;91;91473;3.35;2017;3.54;6.89
Orveau;91;91473;2.98;2018;3.3;6.28
Orveau;91;91473;3.03;2019;3.93;6.96
Orveau;91;91473;3.07;2020;3.22;6.29
Orveau;91;91473;3.15;2021;5.84;8.99
Orveau;91;91473;3.32;2022;5.42;8.74
Orveau;91;91473;3.31;2023;;
Palaiseau;91;91477;2.05;2012;;
Palaiseau;91;91477;2.04;2013;;
Palaiseau;91;91477;2.05;2014;;
Palaiseau;91;91477;2.06;2015;;
Palaiseau;91;91477;1.97;2016;;
Palaiseau;91;91477;1.97;2017;;
Palaiseau;91;91477;1.97;2018;;
Palaiseau;91;91477;1.86;2019;;
Palaiseau;91;91477;2.09;2020;;
Palaiseau;91;91477;2.13;2021;;
Palaiseau;91;91477;2.25;2022;;
Palaiseau;91;91477;2.32;2023;;
Pecqueuse;91;91482;;2012;;
Pecqueuse;91;91482;;2013;;
Pecqueuse;91;91482;3.01;2014;;
Pecqueuse;91;91482;3.02;2015;;
Pecqueuse;91;91482;;2016;;
Pecqueuse;91;91482;;2017;;
Pecqueuse;91;91482;;2018;;
Pecqueuse;91;91482;;2019;;
Pecqueuse;91;91482;;2020;;
Pecqueuse;91;91482;;2021;;
Pecqueuse;91;91482;3.09;2022;;
Pecqueuse;91;91482;3.26;2023;;
Le Plessis-Pâté;91;91494;;2012;;
Le Plessis-Pâté;91;91494;;2013;;
Le Plessis-Pâté;91;91494;;2014;;
Le Plessis-Pâté;91;91494;;2015;;
Le Plessis-Pâté;91;91494;2.52;2016;;
Le Plessis-Pâté;91;91494;4.09;2017;;
Le Plessis-Pâté;91;91494;4.02;2018;;
Le Plessis-Pâté;91;91494;4.39;2019;1.42;5.81
Le Plessis-Pâté;91;91494;4.1;2020;;
Le Plessis-Pâté;91;91494;2.03;2021;;
Le Plessis-Pâté;91;91494;2.22;2022;0.62;2.84
Le Plessis-Pâté;91;91494;2.19;2023;;
Plessis-Saint-Benoist;91;91495;1.52;2012;;
Plessis-Saint-Benoist;91;91495;1.53;2013;;
Plessis-Saint-Benoist;91;91495;1.51;2014;;
Plessis-Saint-Benoist;91;91495;1.57;2015;;
Plessis-Saint-Benoist;91;91495;1.58;2016;;
Plessis-Saint-Benoist;91;91495;1.65;2017;;
Plessis-Saint-Benoist;91;91495;1.72;2018;;
Plessis-Saint-Benoist;91;91495;1.78;2019;;
Plessis-Saint-Benoist;91;91495;1.8;2020;;
Plessis-Saint-Benoist;91;91495;2.02;2021;;
Plessis-Saint-Benoist;91;91495;2.18;2022;;
Plessis-Saint-Benoist;91;91495;2.19;2023;;
Prunay-sur-Essonne;91;91507;;2012;;
Prunay-sur-Essonne;91;91507;;2013;;
Prunay-sur-Essonne;91;91507;;2014;;
Prunay-sur-Essonne;91;91507;;2015;;
Prunay-sur-Essonne;91;91507;;2016;;
Prunay-sur-Essonne;91;91507;3.35;2017;3.54;6.89
Prunay-sur-Essonne;91;91507;2.98;2018;3.3;6.28
Prunay-sur-Essonne;91;91507;3.03;2019;3.93;6.96
Prunay-sur-Essonne;91;91507;3.07;2020;3.22;6.29
Prunay-sur-Essonne;91;91507;3.15;2021;5.84;8.99
Prunay-sur-Essonne;91;91507;3.32;2022;5.42;8.74
Prunay-sur-Essonne;91;91507;3.31;2023;;
Puiselet-le-Marais;91;91508;;2012;;
Puiselet-le-Marais;91;91508;;2013;;
Puiselet-le-Marais;91;91508;;2014;;
Puiselet-le-Marais;91;91508;;2015;;
Puiselet-le-Marais;91;91508;;2016;;
Puiselet-le-Marais;91;91508;;2017;;
Puiselet-le-Marais;91;91508;;2018;;
Puiselet-le-Marais;91;91508;;2019;;
Puiselet-le-Marais;91;91508;2.47;2020;3.59;6.06
Puiselet-le-Marais;91;91508;;2021;;
Puiselet-le-Marais;91;91508;3.91;2022;;
Puiselet-le-Marais;91;91508;3.85;2023;;
Pussay;91;91511;;2012;;
Pussay;91;91511;;2013;;
Pussay;91;91511;;2014;;
Pussay;91;91511;;2015;;
Pussay;91;91511;;2016;;
Pussay;91;91511;;2017;;
Pussay;91;91511;;2018;;
Pussay;91;91511;;2019;;
Pussay;91;91511;2.47;2020;3.59;6.06
Pussay;91;91511;;2021;;
Pussay;91;91511;3.91;2022;;
Pussay;91;91511;3.85;2023;;
Quincy-sous-Sénart;91;91514;;2012;;
Quincy-sous-Sénart;91;91514;;2013;;
Quincy-sous-Sénart;91;91514;;2014;;
Quincy-sous-Sénart;91;91514;;2015;;
Quincy-sous-Sénart;91;91514;2.63;2016;;
Quincy-sous-Sénart;91;91514;;2017;;
Quincy-sous-Sénart;91;91514;;2018;;
Quincy-sous-Sénart;91;91514;;2019;;
Quincy-sous-Sénart;91;91514;;2020;;
Quincy-sous-Sénart;91;91514;2.3;2021;;
Quincy-sous-Sénart;91;91514;2.95;2022;;
Quincy-sous-Sénart;91;91514;3.05;2023;;
Richarville;91;91519;1.52;2012;;
Richarville;91;91519;1.53;2013;;
Richarville;91;91519;1.51;2014;;
Richarville;91;91519;1.57;2015;;
Richarville;91;91519;1.58;2016;;
Richarville;91;91519;1.65;2017;;
Richarville;91;91519;1.72;2018;;
Richarville;91;91519;1.78;2019;;
Richarville;91;91519;1.8;2020;;
Richarville;91;91519;2.02;2021;;
Richarville;91;91519;2.18;2022;;
Richarville;91;91519;2.19;2023;;
Ris-Orangis;91;91521;;2012;;
Ris-Orangis;91;91521;;2013;;
Ris-Orangis;91;91521;;2014;;
Ris-Orangis;91;91521;;2015;;
Ris-Orangis;91;91521;2.35;2016;1.95;4.3
Ris-Orangis;91;91521;2.85;2017;2.4;5.25
Ris-Orangis;91;91521;2.82;2018;1.98;4.8
Ris-Orangis;91;91521;2.63;2019;2.01;4.64
Ris-Orangis;91;91521;2.63;2020;2.01;4.64
Ris-Orangis;91;91521;2.71;2021;2.04;4.75
Ris-Orangis;91;91521;2.9;2022;1.99;4.89
Ris-Orangis;91;91521;3.06;2023;;
Roinville;91;91525;;2012;;
Roinville;91;91525;;2013;;
Roinville;91;91525;;2014;;
Roinville;91;91525;;2015;;
Roinville;91;91525;;2016;;
Roinville;91;91525;;2017;;
Roinville;91;91525;;2018;;
Roinville;91;91525;3.16;2019;;
Roinville;91;91525;3.12;2020;;
Roinville;91;91525;3.21;2021;;
Roinville;91;91525;3.71;2022;;
Roinville;91;91525;3.52;2023;;
Roinvilliers;91;91526;;2012;;
Roinvilliers;91;91526;;2013;;
Roinvilliers;91;91526;;2014;;
Roinvilliers;91;91526;;2015;;
Roinvilliers;91;91526;;2016;;
Roinvilliers;91;91526;;2017;;
Roinvilliers;91;91526;;2018;;
Roinvilliers;91;91526;;2019;;
Roinvilliers;91;91526;2.47;2020;3.59;6.06
Roinvilliers;91;91526;;2021;;
Roinvilliers;91;91526;3.91;2022;;
Roinvilliers;91;91526;3.85;2023;;
Saclas;91;91533;;2012;;
Saclas;91;91533;;2013;;
Saclas;91;91533;;2014;;
Saclas;91;91533;;2015;;
Saclas;91;91533;;2016;;
Saclas;91;91533;;2017;;
Saclas;91;91533;;2018;;
Saclas;91;91533;;2019;;
Saclas;91;91533;2.47;2020;3.59;6.06
Saclas;91;91533;;2021;;
Saclas;91;91533;3.91;2022;;
Saclas;91;91533;3.85;2023;;
Saclay;91;91534;;2012;;
Saclay;91;91534;;2013;;
Saclay;91;91534;;2014;;
Saclay;91;91534;;2015;;
Saclay;91;91534;2.78;2016;;
Saclay;91;91534;;2017;;
Saclay;91;91534;;2018;;
Saclay;91;91534;;2019;;
Saclay;91;91534;2.9;2020;;
Saclay;91;91534;2.98;2021;2.46;5.44
Saclay;91;91534;3.15;2022;;
Saclay;91;91534;3.32;2023;;
Saint-Aubin;91;91538;;2012;;
Saint-Aubin;91;91538;;2013;;
Saint-Aubin;91;91538;;2014;;
Saint-Aubin;91;91538;;2015;;
Saint-Aubin;91;91538;2.78;2016;;
Saint-Aubin;91;91538;;2017;;
Saint-Aubin;91;91538;;2018;;
Saint-Aubin;91;91538;;2019;;
Saint-Aubin;91;91538;2.9;2020;;
Saint-Aubin;91;91538;2.98;2021;2.46;5.44
Saint-Aubin;91;91538;3.15;2022;;
Saint-Aubin;91;91538;3.32;2023;;
Saint-Chéron;91;91540;;2012;;
Saint-Chéron;91;91540;;2013;;
Saint-Chéron;91;91540;2.53;2014;;
Saint-Chéron;91;91540;2.59;2015;;
Saint-Chéron;91;91540;2.52;2016;;
Saint-Chéron;91;91540;;2017;;
Saint-Chéron;91;91540;;2018;;
Saint-Chéron;91;91540;;2019;;
Saint-Chéron;91;91540;;2020;;
Saint-Chéron;91;91540;;2021;;
Saint-Chéron;91;91540;3.26;2022;;
Saint-Chéron;91;91540;3.42;2023;;
Saint-Cyr-la-Rivière;91;91544;;2012;;
Saint-Cyr-la-Rivière;91;91544;;2013;;
Saint-Cyr-la-Rivière;91;91544;;2014;;
Saint-Cyr-la-Rivière;91;91544;;2015;;
Saint-Cyr-la-Rivière;91;91544;;2016;;
Saint-Cyr-la-Rivière;91;91544;;2017;;
Saint-Cyr-la-Rivière;91;91544;;2018;;
Saint-Cyr-la-Rivière;91;91544;;2019;;
Saint-Cyr-la-Rivière;91;91544;2.47;2020;3.59;6.06
Saint-Cyr-la-Rivière;91;91544;;2021;;
Saint-Cyr-la-Rivière;91;91544;3.91;2022;;
Saint-Cyr-la-Rivière;91;91544;3.85;2023;;
Saint-Cyr-sous-Dourdan;91;91546;;2012;;
Saint-Cyr-sous-Dourdan;91;91546;;2013;;
Saint-Cyr-sous-Dourdan;91;91546;;2014;;
Saint-Cyr-sous-Dourdan;91;91546;;2015;;
Saint-Cyr-sous-Dourdan;91;91546;;2016;;
Saint-Cyr-sous-Dourdan;91;91546;;2017;;
Saint-Cyr-sous-Dourdan;91;91546;;2018;;
Saint-Cyr-sous-Dourdan;91;91546;3.16;2019;;
Saint-Cyr-sous-Dourdan;91;91546;3.12;2020;;
Saint-Cyr-sous-Dourdan;91;91546;3.21;2021;;
Saint-Cyr-sous-Dourdan;91;91546;3.71;2022;;
Saint-Cyr-sous-Dourdan;91;91546;3.52;2023;;
Saint-Escobille;91;91547;1.52;2012;;
Saint-Escobille;91;91547;1.53;2013;;
Saint-Escobille;91;91547;1.51;2014;;
Saint-Escobille;91;91547;1.57;2015;;
Saint-Escobille;91;91547;1.58;2016;;
Saint-Escobille;91;91547;1.65;2017;;
Saint-Escobille;91;91547;1.72;2018;;
Saint-Escobille;91;91547;1.78;2019;;
Saint-Escobille;91;91547;1.8;2020;;
Saint-Escobille;91;91547;2.02;2021;;
Saint-Escobille;91;91547;2.18;2022;;
Saint-Escobille;91;91547;2.19;2023;;
Sainte-Geneviève-des-Bois;91;91549;;2012;;
Sainte-Geneviève-des-Bois;91;91549;;2013;;
Sainte-Geneviève-des-Bois;91;91549;;2014;;
Sainte-Geneviève-des-Bois;91;91549;;2015;;
Sainte-Geneviève-des-Bois;91;91549;2.52;2016;;
Sainte-Geneviève-des-Bois;91;91549;4.09;2017;;
Sainte-Geneviève-des-Bois;91;91549;4.02;2018;;
Sainte-Geneviève-des-Bois;91;91549;4.39;2019;1.42;5.81
Sainte-Geneviève-des-Bois;91;91549;4.1;2020;;
Sainte-Geneviève-des-Bois;91;91549;2.03;2021;;
Sainte-Geneviève-des-Bois;91;91549;2.22;2022;0.62;2.84
Sainte-Geneviève-des-Bois;91;91549;2.19;2023;;
Saint-Germain-lès-Arpajon;91;91552;;2012;;
Saint-Germain-lès-Arpajon;91;91552;;2013;;
Saint-Germain-lès-Arpajon;91;91552;;2014;;
Saint-Germain-lès-Arpajon;91;91552;;2015;;
Saint-Germain-lès-Arpajon;91;91552;2.52;2016;;
Saint-Germain-lès-Arpajon;91;91552;4.09;2017;;
Saint-Germain-lès-Arpajon;91;91552;4.02;2018;;
Saint-Germain-lès-Arpajon;91;91552;4.39;2019;1.42;5.81
Saint-Germain-lès-Arpajon;91;91552;4.1;2020;;
Saint-Germain-lès-Arpajon;91;91552;2.03;2021;;
Saint-Germain-lès-Arpajon;91;91552;2.22;2022;0.62;2.84
Saint-Germain-lès-Arpajon;91;91552;2.19;2023;;
Saint-Germain-lès-Corbeil;91;91553;;2012;;
Saint-Germain-lès-Corbeil;91;91553;;2013;;
Saint-Germain-lès-Corbeil;91;91553;;2014;;
Saint-Germain-lès-Corbeil;91;91553;;2015;;
Saint-Germain-lès-Corbeil;91;91553;2.35;2016;1.95;4.3
Saint-Germain-lès-Corbeil;91;91553;2.85;2017;2.4;5.25
Saint-Germain-lès-Corbeil;91;91553;2.82;2018;1.98;4.8
Saint-Germain-lès-Corbeil;91;91553;2.63;2019;2.01;4.64
Saint-Germain-lès-Corbeil;91;91553;2.63;2020;2.01;4.64
Saint-Germain-lès-Corbeil;91;91553;2.71;2021;2.04;4.75
Saint-Germain-lès-Corbeil;91;91553;2.9;2022;1.99;4.89
Saint-Germain-lès-Corbeil;91;91553;3.06;2023;;
Saint-Hilaire;91;91556;;2012;;
Saint-Hilaire;91;91556;;2013;;
Saint-Hilaire;91;91556;;2014;;
Saint-Hilaire;91;91556;;2015;;
Saint-Hilaire;91;91556;;2016;;
Saint-Hilaire;91;91556;;2017;;
Saint-Hilaire;91;91556;;2018;;
Saint-Hilaire;91;91556;;2019;;
Saint-Hilaire;91;91556;2.47;2020;3.59;6.06
Saint-Hilaire;91;91556;;2021;;
Saint-Hilaire;91;91556;3.91;2022;;
Saint-Hilaire;91;91556;3.85;2023;;
Saint-Jean-de-Beauregard;91;91560;;2012;;
Saint-Jean-de-Beauregard;91;91560;;2013;;
Saint-Jean-de-Beauregard;91;91560;2.77;2014;;
Saint-Jean-de-Beauregard;91;91560;2.77;2015;1.64;4.41
Saint-Jean-de-Beauregard;91;91560;2.78;2016;;
Saint-Jean-de-Beauregard;91;91560;;2017;;
Saint-Jean-de-Beauregard;91;91560;;2018;;
Saint-Jean-de-Beauregard;91;91560;;2019;;
Saint-Jean-de-Beauregard;91;91560;;2020;;
Saint-Jean-de-Beauregard;91;91560;;2021;;
Saint-Jean-de-Beauregard;91;91560;;2022;;
Saint-Jean-de-Beauregard;91;91560;3.37;2023;;
Saint-Maurice-Montcouronne;91;91568;;2012;;
Saint-Maurice-Montcouronne;91;91568;;2013;;
Saint-Maurice-Montcouronne;91;91568;;2014;;
Saint-Maurice-Montcouronne;91;91568;;2015;;
Saint-Maurice-Montcouronne;91;91568;;2016;;
Saint-Maurice-Montcouronne;91;91568;;2017;;
Saint-Maurice-Montcouronne;91;91568;;2018;;
Saint-Maurice-Montcouronne;91;91568;3.16;2019;;
Saint-Maurice-Montcouronne;91;91568;3.12;2020;;
Saint-Maurice-Montcouronne;91;91568;3.21;2021;;
Saint-Maurice-Montcouronne;91;91568;3.71;2022;;
Saint-Maurice-Montcouronne;91;91568;3.52;2023;;
Saint-Michel-sur-Orge;91;91570;;2012;;
Saint-Michel-sur-Orge;91;91570;;2013;;
Saint-Michel-sur-Orge;91;91570;;2014;;
Saint-Michel-sur-Orge;91;91570;;2015;;
Saint-Michel-sur-Orge;91;91570;2.52;2016;;
Saint-Michel-sur-Orge;91;91570;4.09;2017;;
Saint-Michel-sur-Orge;91;91570;4.02;2018;;
Saint-Michel-sur-Orge;91;91570;4.39;2019;1.42;5.81
Saint-Michel-sur-Orge;91;91570;4.1;2020;;
Saint-Michel-sur-Orge;91;91570;2.03;2021;;
Saint-Michel-sur-Orge;91;91570;2.22;2022;0.62;2.84
Saint-Michel-sur-Orge;91;91570;2.19;2023;;
Saint-Pierre-du-Perray;91;91573;;2012;;
Saint-Pierre-du-Perray;91;91573;;2013;;
Saint-Pierre-du-Perray;91;91573;;2014;;
Saint-Pierre-du-Perray;91;91573;;2015;;
Saint-Pierre-du-Perray;91;91573;2.35;2016;1.95;4.3
Saint-Pierre-du-Perray;91;91573;2.85;2017;2.4;5.25
Saint-Pierre-du-Perray;91;91573;2.82;2018;1.98;4.8
Saint-Pierre-du-Perray;91;91573;2.63;2019;2.01;4.64
Saint-Pierre-du-Perray;91;91573;2.63;2020;2.01;4.64
Saint-Pierre-du-Perray;91;91573;2.71;2021;2.04;4.75
Saint-Pierre-du-Perray;91;91573;2.9;2022;1.99;4.89
Saint-Pierre-du-Perray;91;91573;3.06;2023;;
Saintry-sur-Seine;91;91577;;2012;;
Saintry-sur-Seine;91;91577;;2013;;
Saintry-sur-Seine;91;91577;;2014;;
Saintry-sur-Seine;91;91577;;2015;;
Saintry-sur-Seine;91;91577;2.35;2016;1.95;4.3
Saintry-sur-Seine;91;91577;2.85;2017;2.4;5.25
Saintry-sur-Seine;91;91577;2.82;2018;1.98;4.8
Saintry-sur-Seine;91;91577;2.63;2019;2.01;4.64
Saintry-sur-Seine;91;91577;2.63;2020;2.01;4.64
Saintry-sur-Seine;91;91577;2.71;2021;2.04;4.75
Saintry-sur-Seine;91;91577;2.9;2022;1.99;4.89
Saintry-sur-Seine;91;91577;3.06;2023;;
Saint-Sulpice-de-Favières;91;91578;;2012;;
Saint-Sulpice-de-Favières;91;91578;;2013;;
Saint-Sulpice-de-Favières;91;91578;;2014;;
Saint-Sulpice-de-Favières;91;91578;;2015;;
Saint-Sulpice-de-Favières;91;91578;;2016;;
Saint-Sulpice-de-Favières;91;91578;3.35;2017;3.54;6.89
Saint-Sulpice-de-Favières;91;91578;2.98;2018;3.3;6.28
Saint-Sulpice-de-Favières;91;91578;3.03;2019;3.93;6.96
Saint-Sulpice-de-Favières;91;91578;3.07;2020;3.22;6.29
Saint-Sulpice-de-Favières;91;91578;3.15;2021;5.84;8.99
Saint-Sulpice-de-Favières;91;91578;3.32;2022;5.42;8.74
Saint-Sulpice-de-Favières;91;91578;3.31;2023;;
Saint-Vrain;91;91579;;2012;;
Saint-Vrain;91;91579;;2013;;
Saint-Vrain;91;91579;;2014;;
Saint-Vrain;91;91579;;2015;;
Saint-Vrain;91;91579;;2016;;
Saint-Vrain;91;91579;3.35;2017;3.54;6.89
Saint-Vrain;91;91579;2.98;2018;3.3;6.28
Saint-Vrain;91;91579;3.03;2019;3.93;6.96
Saint-Vrain;91;91579;3.07;2020;3.22;6.29
Saint-Vrain;91;91579;3.15;2021;5.84;8.99
Saint-Vrain;91;91579;3.32;2022;5.42;8.74
Saint-Vrain;91;91579;3.31;2023;;
Saint-Yon;91;91581;;2012;;
Saint-Yon;91;91581;;2013;;
Saint-Yon;91;91581;;2014;;
Saint-Yon;91;91581;;2015;;
Saint-Yon;91;91581;;2016;;
Saint-Yon;91;91581;3.35;2017;3.54;6.89
Saint-Yon;91;91581;2.98;2018;3.3;6.28
Saint-Yon;91;91581;3.03;2019;3.93;6.96
Saint-Yon;91;91581;3.07;2020;3.22;6.29
Saint-Yon;91;91581;3.15;2021;5.84;8.99
Saint-Yon;91;91581;3.32;2022;5.42;8.74
Saint-Yon;91;91581;3.31;2023;;
Saulx-les-Chartreux;91;91587;;2012;;
Saulx-les-Chartreux;91;91587;;2013;;
Saulx-les-Chartreux;91;91587;;2014;;
Saulx-les-Chartreux;91;91587;;2015;;
Saulx-les-Chartreux;91;91587;2.78;2016;;
Saulx-les-Chartreux;91;91587;;2017;;
Saulx-les-Chartreux;91;91587;;2018;;
Saulx-les-Chartreux;91;91587;;2019;;
Saulx-les-Chartreux;91;91587;2.9;2020;;
Saulx-les-Chartreux;91;91587;2.98;2021;2.46;5.44
Saulx-les-Chartreux;91;91587;3.15;2022;;
Saulx-les-Chartreux;91;91587;3.32;2023;;
Sermaise;91;91593;;2012;;
Sermaise;91;91593;;2013;;
Sermaise;91;91593;;2014;;
Sermaise;91;91593;;2015;;
Sermaise;91;91593;;2016;;
Sermaise;91;91593;;2017;;
Sermaise;91;91593;;2018;;
Sermaise;91;91593;3.16;2019;;
Sermaise;91;91593;3.12;2020;;
Sermaise;91;91593;3.21;2021;;
Sermaise;91;91593;3.71;2022;;
Sermaise;91;91593;3.52;2023;;
Soisy-sur-École;91;91599;;2012;;
Soisy-sur-École;91;91599;;2013;;
Soisy-sur-École;91;91599;;2014;;
Soisy-sur-École;91;91599;;2015;;
Soisy-sur-École;91;91599;1.74;2016;2.85;4.59
Soisy-sur-École;91;91599;;2017;;
Soisy-sur-École;91;91599;2.2;2018;;
Soisy-sur-École;91;91599;2.73;2019;2.41;5.14
Soisy-sur-École;91;91599;2.52;2020;2.41;4.93
Soisy-sur-École;91;91599;2.55;2021;2.48;5.03
Soisy-sur-École;91;91599;2.71;2022;2.59;5.3
Soisy-sur-École;91;91599;2.89;2023;;
Soisy-sur-Seine;91;91600;;2012;;
Soisy-sur-Seine;91;91600;;2013;;
Soisy-sur-Seine;91;91600;;2014;;
Soisy-sur-Seine;91;91600;;2015;;
Soisy-sur-Seine;91;91600;2.35;2016;1.95;4.3
Soisy-sur-Seine;91;91600;2.85;2017;2.4;5.25
Soisy-sur-Seine;91;91600;2.82;2018;1.98;4.8
Soisy-sur-Seine;91;91600;2.63;2019;2.01;4.64
Soisy-sur-Seine;91;91600;2.63;2020;2.01;4.64
Soisy-sur-Seine;91;91600;2.71;2021;2.04;4.75
Soisy-sur-Seine;91;91600;2.9;2022;1.99;4.89
Soisy-sur-Seine;91;91600;3.06;2023;;
Souzy-la-Briche;91;91602;;2012;;
Souzy-la-Briche;91;91602;;2013;;
Souzy-la-Briche;91;91602;;2014;;
Souzy-la-Briche;91;91602;;2015;;
Souzy-la-Briche;91;91602;;2016;;
Souzy-la-Briche;91;91602;;2017;;
Souzy-la-Briche;91;91602;;2018;;
Souzy-la-Briche;91;91602;2.72;2019;;
Souzy-la-Briche;91;91602;2.85;2020;;
Souzy-la-Briche;91;91602;2.85;2021;;
Souzy-la-Briche;91;91602;5.33;2022;5.81;11.14
Souzy-la-Briche;91;91602;5.16;2023;;
Congerville-Thionville;91;91613;;2012;;
Congerville-Thionville;91;91613;;2013;;
Congerville-Thionville;91;91613;;2014;;
Congerville-Thionville;91;91613;;2015;;
Congerville-Thionville;91;91613;;2016;;
Congerville-Thionville;91;91613;;2017;;
Congerville-Thionville;91;91613;;2018;;
Congerville-Thionville;91;91613;;2019;;
Congerville-Thionville;91;91613;2.47;2020;3.59;6.06
Congerville-Thionville;91;91613;;2021;;
Congerville-Thionville;91;91613;3.91;2022;;
Congerville-Thionville;91;91613;3.85;2023;;
Tigery;91;91617;;2012;;
Tigery;91;91617;;2013;;
Tigery;91;91617;;2014;;
Tigery;91;91617;;2015;;
Tigery;91;91617;2.35;2016;1.95;4.3
Tigery;91;91617;2.85;2017;2.4;5.25
Tigery;91;91617;2.82;2018;1.98;4.8
Tigery;91;91617;2.63;2019;2.01;4.64
Tigery;91;91617;2.63;2020;2.01;4.64
Tigery;91;91617;2.71;2021;2.04;4.75
Tigery;91;91617;2.9;2022;1.99;4.89
Tigery;91;91617;3.06;2023;;
Torfou;91;91619;;2012;;
Torfou;91;91619;;2013;;
Torfou;91;91619;;2014;;
Torfou;91;91619;;2015;;
Torfou;91;91619;;2016;;
Torfou;91;91619;;2017;;
Torfou;91;91619;;2018;;
Torfou;91;91619;2.72;2019;;
Torfou;91;91619;2.85;2020;;
Torfou;91;91619;2.85;2021;;
Torfou;91;91619;5.33;2022;5.81;11.14
Torfou;91;91619;5.16;2023;;
Valpuiseaux;91;91629;;2012;;
Valpuiseaux;91;91629;;2013;;
Valpuiseaux;91;91629;;2014;;
Valpuiseaux;91;91629;;2015;;
Valpuiseaux;91;91629;;2016;;
Valpuiseaux;91;91629;;2017;;
Valpuiseaux;91;91629;;2018;;
Valpuiseaux;91;91629;;2019;;
Valpuiseaux;91;91629;2.47;2020;3.59;6.06
Valpuiseaux;91;91629;;2021;;
Valpuiseaux;91;91629;3.91;2022;;
Valpuiseaux;91;91629;3.85;2023;;
Le Val-Saint-Germain;91;91630;;2012;;
Le Val-Saint-Germain;91;91630;;2013;;
Le Val-Saint-Germain;91;91630;;2014;;
Le Val-Saint-Germain;91;91630;;2015;;
Le Val-Saint-Germain;91;91630;;2016;;
Le Val-Saint-Germain;91;91630;;2017;;
Le Val-Saint-Germain;91;91630;;2018;;
Le Val-Saint-Germain;91;91630;3.16;2019;;
Le Val-Saint-Germain;91;91630;3.12;2020;;
Le Val-Saint-Germain;91;91630;3.21;2021;;
Le Val-Saint-Germain;91;91630;3.71;2022;;
Le Val-Saint-Germain;91;91630;3.52;2023;;
Varennes-Jarcy;91;91631;;2012;;
Varennes-Jarcy;91;91631;;2013;;
Varennes-Jarcy;91;91631;2.67;2014;;
Varennes-Jarcy;91;91631;2.75;2015;;
Varennes-Jarcy;91;91631;2.74;2016;;
Varennes-Jarcy;91;91631;2.76;2017;;
Varennes-Jarcy;91;91631;;2018;;
Varennes-Jarcy;91;91631;;2019;;
Varennes-Jarcy;91;91631;;2020;;
Varennes-Jarcy;91;91631;2.96;2021;;
Varennes-Jarcy;91;91631;3.17;2022;;
Varennes-Jarcy;91;91631;3.3;2023;;
Vaugrigneuse;91;91634;;2012;;
Vaugrigneuse;91;91634;;2013;;
Vaugrigneuse;91;91634;;2014;;
Vaugrigneuse;91;91634;;2015;;
Vaugrigneuse;91;91634;;2016;;
Vaugrigneuse;91;91634;;2017;;
Vaugrigneuse;91;91634;;2018;;
Vaugrigneuse;91;91634;3.16;2019;;
Vaugrigneuse;91;91634;3.12;2020;;
Vaugrigneuse;91;91634;3.21;2021;;
Vaugrigneuse;91;91634;3.71;2022;;
Vaugrigneuse;91;91634;3.52;2023;;
Vauhallan;91;91635;;2012;;
Vauhallan;91;91635;;2013;;
Vauhallan;91;91635;;2014;;
Vauhallan;91;91635;;2015;;
Vauhallan;91;91635;2.78;2016;;
Vauhallan;91;91635;;2017;;
Vauhallan;91;91635;;2018;;
Vauhallan;91;91635;;2019;;
Vauhallan;91;91635;2.9;2020;;
Vauhallan;91;91635;2.98;2021;2.46;5.44
Vauhallan;91;91635;3.15;2022;;
Vauhallan;91;91635;3.32;2023;;
Vayres-sur-Essonne;91;91639;;2012;;
Vayres-sur-Essonne;91;91639;;2013;;
Vayres-sur-Essonne;91;91639;;2014;;
Vayres-sur-Essonne;91;91639;;2015;;
Vayres-sur-Essonne;91;91639;;2016;;
Vayres-sur-Essonne;91;91639;3.35;2017;3.54;6.89
Vayres-sur-Essonne;91;91639;2.98;2018;3.3;6.28
Vayres-sur-Essonne;91;91639;3.03;2019;3.93;6.96
Vayres-sur-Essonne;91;91639;3.07;2020;3.22;6.29
Vayres-sur-Essonne;91;91639;3.15;2021;5.84;8.99
Vayres-sur-Essonne;91;91639;3.32;2022;5.42;8.74
Vayres-sur-Essonne;91;91639;3.31;2023;;
Verrières-le-Buisson;91;91645;2.05;2012;;
Verrières-le-Buisson;91;91645;2.04;2013;;
Verrières-le-Buisson;91;91645;2.05;2014;;
Verrières-le-Buisson;91;91645;2.06;2015;;
Verrières-le-Buisson;91;91645;1.97;2016;;
Verrières-le-Buisson;91;91645;1.97;2017;;
Verrières-le-Buisson;91;91645;1.97;2018;;
Verrières-le-Buisson;91;91645;1.86;2019;;
Verrières-le-Buisson;91;91645;2.09;2020;;
Verrières-le-Buisson;91;91645;2.13;2021;;
Verrières-le-Buisson;91;91645;2.25;2022;;
Verrières-le-Buisson;91;91645;2.32;2023;;
Vert-le-Grand;91;91648;;2012;;
Vert-le-Grand;91;91648;;2013;;
Vert-le-Grand;91;91648;;2014;;
Vert-le-Grand;91;91648;;2015;;
Vert-le-Grand;91;91648;;2016;;
Vert-le-Grand;91;91648;3.35;2017;3.54;6.89
Vert-le-Grand;91;91648;2.98;2018;3.3;6.28
Vert-le-Grand;91;91648;3.03;2019;3.93;6.96
Vert-le-Grand;91;91648;3.07;2020;3.22;6.29
Vert-le-Grand;91;91648;3.15;2021;5.84;8.99
Vert-le-Grand;91;91648;3.32;2022;5.42;8.74
Vert-le-Grand;91;91648;3.31;2023;;
Vert-le-Petit;91;91649;;2012;;
Vert-le-Petit;91;91649;;2013;;
Vert-le-Petit;91;91649;;2014;;
Vert-le-Petit;91;91649;;2015;;
Vert-le-Petit;91;91649;;2016;;
Vert-le-Petit;91;91649;3.35;2017;3.54;6.89
Vert-le-Petit;91;91649;2.98;2018;3.3;6.28
Vert-le-Petit;91;91649;3.03;2019;3.93;6.96
Vert-le-Petit;91;91649;3.07;2020;3.22;6.29
Vert-le-Petit;91;91649;3.15;2021;5.84;8.99
Vert-le-Petit;91;91649;3.32;2022;5.42;8.74
Vert-le-Petit;91;91649;3.31;2023;;
Videlles;91;91654;;2012;;
Videlles;91;91654;;2013;;
Videlles;91;91654;;2014;;
Videlles;91;91654;;2015;;
Videlles;91;91654;1.74;2016;2.85;4.59
Videlles;91;91654;;2017;;
Videlles;91;91654;2.2;2018;;
Videlles;91;91654;2.73;2019;2.41;5.14
Videlles;91;91654;2.52;2020;2.41;4.93
Videlles;91;91654;2.55;2021;2.48;5.03
Videlles;91;91654;2.71;2022;2.59;5.3
Videlles;91;91654;2.89;2023;;
Vigneux-sur-Seine;91;91657;;2012;;
Vigneux-sur-Seine;91;91657;;2013;;
Vigneux-sur-Seine;91;91657;;2014;;
Vigneux-sur-Seine;91;91657;;2015;;
Vigneux-sur-Seine;91;91657;2.63;2016;;
Vigneux-sur-Seine;91;91657;;2017;;
Vigneux-sur-Seine;91;91657;;2018;;
Vigneux-sur-Seine;91;91657;;2019;;
Vigneux-sur-Seine;91;91657;;2020;;
Vigneux-sur-Seine;91;91657;2.3;2021;;
Vigneux-sur-Seine;91;91657;2.95;2022;;
Vigneux-sur-Seine;91;91657;3.05;2023;;
Villabé;91;91659;;2012;;
Villabé;91;91659;;2013;;
Villabé;91;91659;;2014;;
Villabé;91;91659;;2015;;
Villabé;91;91659;2.35;2016;1.95;4.3
Villabé;91;91659;2.85;2017;2.4;5.25
Villabé;91;91659;2.82;2018;1.98;4.8
Villabé;91;91659;2.63;2019;2.01;4.64
Villabé;91;91659;2.63;2020;2.01;4.64
Villabé;91;91659;2.71;2021;2.04;4.75
Villabé;91;91659;2.9;2022;1.99;4.89
Villabé;91;91659;3.06;2023;;
Villebon-sur-Yvette;91;91661;;2012;;
Villebon-sur-Yvette;91;91661;;2013;;
Villebon-sur-Yvette;91;91661;;2014;;
Villebon-sur-Yvette;91;91661;;2015;;
Villebon-sur-Yvette;91;91661;2.78;2016;;
Villebon-sur-Yvette;91;91661;;2017;;
Villebon-sur-Yvette;91;91661;;2018;;
Villebon-sur-Yvette;91;91661;;2019;;
Villebon-sur-Yvette;91;91661;2.9;2020;;
Villebon-sur-Yvette;91;91661;2.98;2021;2.46;5.44
Villebon-sur-Yvette;91;91661;3.15;2022;;
Villebon-sur-Yvette;91;91661;3.32;2023;;
Villeconin;91;91662;;2012;;
Villeconin;91;91662;;2013;;
Villeconin;91;91662;;2014;;
Villeconin;91;91662;;2015;;
Villeconin;91;91662;;2016;;
Villeconin;91;91662;;2017;;
Villeconin;91;91662;;2018;;
Villeconin;91;91662;2.72;2019;;
Villeconin;91;91662;2.85;2020;;
Villeconin;91;91662;2.85;2021;;
Villeconin;91;91662;5.33;2022;5.81;11.14
Villeconin;91;91662;5.16;2023;;
La Ville-du-Bois;91;91665;;2012;;
La Ville-du-Bois;91;91665;;2013;;
La Ville-du-Bois;91;91665;;2014;;
La Ville-du-Bois;91;91665;;2015;;
La Ville-du-Bois;91;91665;2.78;2016;;
La Ville-du-Bois;91;91665;;2017;;
La Ville-du-Bois;91;91665;;2018;;
La Ville-du-Bois;91;91665;;2019;;
La Ville-du-Bois;91;91665;2.9;2020;;
La Ville-du-Bois;91;91665;2.98;2021;2.46;5.44
La Ville-du-Bois;91;91665;3.15;2022;;
La Ville-du-Bois;91;91665;3.32;2023;;
Villejust;91;91666;;2012;;
Villejust;91;91666;;2013;;
Villejust;91;91666;;2014;;
Villejust;91;91666;;2015;;
Villejust;91;91666;2.78;2016;;
Villejust;91;91666;;2017;;
Villejust;91;91666;;2018;;
Villejust;91;91666;;2019;;
Villejust;91;91666;2.9;2020;;
Villejust;91;91666;2.98;2021;2.46;5.44
Villejust;91;91666;3.15;2022;;
Villejust;91;91666;3.32;2023;;
Villemoisson-sur-Orge;91;91667;;2012;;
Villemoisson-sur-Orge;91;91667;;2013;;
Villemoisson-sur-Orge;91;91667;;2014;;
Villemoisson-sur-Orge;91;91667;;2015;;
Villemoisson-sur-Orge;91;91667;2.52;2016;;
Villemoisson-sur-Orge;91;91667;4.09;2017;;
Villemoisson-sur-Orge;91;91667;4.02;2018;;
Villemoisson-sur-Orge;91;91667;4.39;2019;1.42;5.81
Villemoisson-sur-Orge;91;91667;4.1;2020;;
Villemoisson-sur-Orge;91;91667;2.03;2021;;
Villemoisson-sur-Orge;91;91667;2.22;2022;0.62;2.84
Villemoisson-sur-Orge;91;91667;2.19;2023;;
Villeneuve-sur-Auvers;91;91671;;2012;;
Villeneuve-sur-Auvers;91;91671;;2013;;
Villeneuve-sur-Auvers;91;91671;;2014;;
Villeneuve-sur-Auvers;91;91671;;2015;;
Villeneuve-sur-Auvers;91;91671;;2016;;
Villeneuve-sur-Auvers;91;91671;3.35;2017;3.54;6.89
Villeneuve-sur-Auvers;91;91671;2.98;2018;3.3;6.28
Villeneuve-sur-Auvers;91;91671;3.03;2019;3.93;6.96
Villeneuve-sur-Auvers;91;91671;3.07;2020;3.22;6.29
Villeneuve-sur-Auvers;91;91671;3.15;2021;5.84;8.99
Villeneuve-sur-Auvers;91;91671;3.32;2022;5.42;8.74
Villeneuve-sur-Auvers;91;91671;3.31;2023;;
Villiers-le-Bâcle;91;91679;;2012;;
Villiers-le-Bâcle;91;91679;;2013;;
Villiers-le-Bâcle;91;91679;;2014;;
Villiers-le-Bâcle;91;91679;;2015;;
Villiers-le-Bâcle;91;91679;2.78;2016;;
Villiers-le-Bâcle;91;91679;;2017;;
Villiers-le-Bâcle;91;91679;;2018;;
Villiers-le-Bâcle;91;91679;;2019;;
Villiers-le-Bâcle;91;91679;2.9;2020;;
Villiers-le-Bâcle;91;91679;2.98;2021;2.46;5.44
Villiers-le-Bâcle;91;91679;3.15;2022;;
Villiers-le-Bâcle;91;91679;3.32;2023;;
Villiers-sur-Orge;91;91685;;2012;;
Villiers-sur-Orge;91;91685;;2013;;
Villiers-sur-Orge;91;91685;;2014;;
Villiers-sur-Orge;91;91685;;2015;;
Villiers-sur-Orge;91;91685;2.52;2016;;
Villiers-sur-Orge;91;91685;4.09;2017;;
Villiers-sur-Orge;91;91685;4.02;2018;;
Villiers-sur-Orge;91;91685;4.39;2019;1.42;5.81
Villiers-sur-Orge;91;91685;4.1;2020;;
Villiers-sur-Orge;91;91685;2.03;2021;;
Villiers-sur-Orge;91;91685;2.22;2022;0.62;2.84
Villiers-sur-Orge;91;91685;2.19;2023;;
Viry-Châtillon;91;91687;;2012;;
Viry-Châtillon;91;91687;;2013;;
Viry-Châtillon;91;91687;;2014;;
Viry-Châtillon;91;91687;;2015;;
Viry-Châtillon;91;91687;1.45;2016;2.18;3.63
Viry-Châtillon;91;91687;;2017;1.74;
Viry-Châtillon;91;91687;2.19;2018;2.26;4.45
Viry-Châtillon;91;91687;2.48;2019;2.28;4.76
Viry-Châtillon;91;91687;2.46;2020;2.33;4.79
Viry-Châtillon;91;91687;2.68;2021;1.98;4.66
Viry-Châtillon;91;91687;3.02;2022;2.9;5.92
Viry-Châtillon;91;91687;3.22;2023;;
Wissous;91;91689;2.05;2012;;
Wissous;91;91689;2.04;2013;;
Wissous;91;91689;2.05;2014;;
Wissous;91;91689;2.06;2015;;
Wissous;91;91689;1.97;2016;;
Wissous;91;91689;1.97;2017;;
Wissous;91;91689;1.97;2018;;
Wissous;91;91689;1.86;2019;;
Wissous;91;91689;2.09;2020;;
Wissous;91;91689;2.13;2021;;
Wissous;91;91689;2.25;2022;;
Wissous;91;91689;2.32;2023;;
Yerres;91;91691;;2012;;
Yerres;91;91691;;2013;;
Yerres;91;91691;;2014;;
Yerres;91;91691;;2015;;
Yerres;91;91691;2.63;2016;;
Yerres;91;91691;;2017;;
Yerres;91;91691;;2018;;
Yerres;91;91691;;2019;;
Yerres;91;91691;;2020;;
Yerres;91;91691;2.3;2021;;
Yerres;91;91691;2.95;2022;;
Yerres;91;91691;3.05;2023;;
Les Ulis;91;91692;;2012;;
Les Ulis;91;91692;;2013;;
Les Ulis;91;91692;;2014;;
Les Ulis;91;91692;;2015;;
Les Ulis;91;91692;2.78;2016;;
Les Ulis;91;91692;;2017;;
Les Ulis;91;91692;;2018;;
Les Ulis;91;91692;;2019;;
Les Ulis;91;91692;2.9;2020;;
Les Ulis;91;91692;2.98;2021;2.46;5.44
Les Ulis;91;91692;3.15;2022;;
Les Ulis;91;91692;3.32;2023;;
